month,day,year,date,day_of_year,max_dew_point_v,max_min_temperature_v,max_temperature_v,max_wind_gust_v,max_wind_speed_v,min_dew_point_v,min_max_temperature_v,min_relative_humidity_v,min_temperature_v,min_windchill_v,precipitation_v,rain_v,snow_v,snow_on_ground_v
4,7,2021,2021-04-07,97,14,15.6,27.6,87,57,-20,-5,18,-17.2,-25,15.2,14.4,14,12
4,6,2021,2021-04-06,96,13.3,10.3,22.5,111,81,-15.6,-4,20,-11.7,-20,28.2,27.8,10.4,13
4,5,2021,2021-04-05,95,10.9,9.9,23.1,96,58,-17.8,-2.1,24,-9.4,-20,22.1,22.1,2,13
4,4,2021,2021-04-04,94,13.9,12,23.1,103,77,-19.4,-4.4,21,-11.7,-19,18,18,7.5,13
4,3,2021,2021-04-03,93,14.4,7.2,22.2,85,60,-21.1,-3.3,26,-12.2,-21,40.2,40.2,17.5,10
4,2,2021,2021-04-02,92,15.6,8.9,24.3,90,64,-18,0,17,-6.1,-18,29.5,29.5,9.6,11
4,1,2021,2021-04-01,91,13.9,9.5,25.8,83,70,-17.1,-0.6,23,-8.3,-14,18.8,18.8,13,12
3,31,2021,2021-03-31,90,13.8,8.1,25.4,87,56,-17.5,-2.2,17,-10.6,-16,25.7,25.7,12.4,6
3,30,2021,2021-03-30,89,15.6,9.5,25.3,80,52,-15.6,-3.9,21,-12.2,-18,33.4,30.2,8.4,3
3,29,2021,2021-03-29,88,11.1,11.1,24.4,81,52,-17.9,-4.4,16,-13.3,-17,22.6,22.6,7.6,15
3,28,2021,2021-03-28,87,15.5,12.6,25.6,93,59,-19.2,-1.7,17,-11.1,-20,12.1,12.1,3.3,23
3,27,2021,2021-03-27,86,13.8,11.1,22.6,101,61,-18.9,-6.5,25,-11.4,-23,40.8,40.8,4.3,23
3,26,2021,2021-03-26,85,13.7,9,20.3,85,64,-19.1,-4.2,19,-15.6,-23,34.6,34.6,13.5,10
3,25,2021,2021-03-25,84,11.7,7.5,21.5,80,60,-21.1,-7.2,18,-15.8,-24,21.6,21.6,10.7,10
3,24,2021,2021-03-24,83,10.4,6.6,18.3,77,56,-20,-6.7,21,-17.8,-24,15,14.7,2.4,12
3,23,2021,2021-03-23,82,13.1,11.9,19,84,56,-21,-10,24,-18.9,-20,13.2,13.2,12.6,15
3,22,2021,2021-03-22,81,15.2,10.3,26,100,76,-22.2,-6.7,25,-16.7,-27,14.5,14.5,4.8,17
3,21,2021,2021-03-21,80,14.4,10,23.3,89,59,-21.3,-6.1,18,-16.1,-22,30.8,29.8,15.2,11
3,20,2021,2021-03-20,79,15,8.8,21.9,78,63,-18.8,-9.2,19,-20,-26,14.2,12.2,11.4,10
3,19,2021,2021-03-19,78,13.9,9.3,22.8,96,63,-23.5,-5.6,18,-20,-20,19.3,19.3,10.4,15
3,18,2021,2021-03-18,77,11.7,7.2,19.9,78,56,-26.1,-9.4,21,-22.8,-33,18.8,18.8,6.4,18
3,17,2021,2021-03-17,76,11.3,5.6,19.4,90,61,-22.1,-8.9,20,-19.4,-29,39.6,31.8,16.3,18
3,16,2021,2021-03-16,75,12.1,6.7,19.3,97,64,-24,-8.4,18,-17.2,-23,41.7,41.7,14.2,18
3,15,2021,2021-03-15,74,12.2,6.2,20.9,122,97,-23.2,-6.1,19,-16.5,-24,18.5,18.5,3,23
3,14,2021,2021-03-14,73,12.2,7.1,20.1,89,67,-20.3,-11,24,-17.4,-31,23.6,20.6,16.5,25
3,13,2021,2021-03-13,72,14.7,4.1,21.4,85,57,-23,-7.1,23,-18.3,-29,21.6,21.4,8.6,28
3,12,2021,2021-03-12,71,12.6,5.1,17.1,81,69,-23.8,-8.9,28,-21.7,-27,21.6,21.6,26.4,25
3,11,2021,2021-03-11,70,10.6,5.5,19.3,119,90,-22.2,-9.4,34,-18.6,-26,21.3,21.3,8.1,26
3,10,2021,2021-03-10,69,11,2.9,15.5,96,69,-22.9,-11.1,31,-16.7,-26,30.5,24.6,32.3,28
3,9,2021,2021-03-09,68,11.3,7.8,21.4,93,57,-24.7,-8.7,32,-25.6,-28,16.8,16.8,10.4,30
3,8,2021,2021-03-08,67,13.1,3.9,21.8,97,64,-24.6,-11.1,31,-23.2,-31,28.7,21.1,17.8,20
3,7,2021,2021-03-07,66,11.8,5,16.7,93,61,-28.9,-12.4,22,-20.8,-31,23.6,23.6,16,28
3,6,2021,2021-03-06,65,9.2,2.4,18.9,87,56,-31,-12.3,29,-27.8,-34,29.5,29.5,16.5,23
3,5,2021,2021-03-05,64,12.2,3,18.5,124,80,-23,-10,30,-25,-29,21.6,18.4,14.4,26
3,4,2021,2021-03-04,63,10.6,3,13.3,95,68,-23.3,-11.7,29,-28.9,-26,31.4,29.5,24.4,27
3,3,2021,2021-03-03,62,11.1,3.9,16.1,85,58,-32,-15,28,-24.7,-36,27.2,27.2,13.7,27
3,2,2021,2021-03-02,61,11.3,3.7,15.5,80,59,-24,-12.2,37,-23,-31,31.5,8.4,11.9,26
3,1,2021,2021-03-01,60,10.7,2.2,14,84,61,-23.7,-12.4,37,-20.5,-29,26.9,20.6,9.4,25
2,28,2021,2021-02-28,59,7,1.8,16.2,89,53,-24.6,-9.7,34,-22.8,-29,25.4,12.7,15.2,30
2,27,2021,2021-02-27,58,10.1,4,14.8,96,67,-23.5,-10,27,-25.6,-29,21,11.2,18.4,30
2,26,2021,2021-02-26,57,8.5,1.7,11.1,90,68,-25,-10.6,34,-22.8,-28,16.6,10.4,11.4,36
2,25,2021,2021-02-25,56,9.2,3.6,14.5,105,72,-27.2,-12.2,37,-23.9,-30,55.9,14,39.9,30
2,24,2021,2021-02-24,55,7.6,3.9,11.7,91,67,-24.8,-9.4,40,-20.1,-30,31.8,31.8,15.5,30
2,23,2021,2021-02-23,54,11.7,4.4,17.7,97,64,-27,-15.2,36,-21.6,-33,22.3,22.3,15.7,24
2,22,2021,2021-02-22,53,8.6,3.1,11.8,87,61,-27.8,-12.2,19,-20,-31,31,31,11.4,25
2,21,2021,2021-02-21,52,10.9,3.3,14.6,83,74,-24.9,-13.3,31,-20,-30,28.4,24.9,24.9,20
2,20,2021,2021-02-20,51,14.4,3.6,16.5,82,61,-28.1,-16.1,37,-25.6,-35,15,12.2,8.9,23
2,19,2021,2021-02-19,50,8.3,3.8,12.5,97,66,-27.9,-14.6,38,-28.3,-34,37.1,23.9,13.2,23
2,18,2021,2021-02-18,49,9.1,4.5,11.9,96,65,-29.8,-10.5,35,-27.7,-36,14.2,14.2,8.2,23
2,17,2021,2021-02-17,48,5.7,2.6,11.3,91,77,-31.4,-19.2,25,-26.8,-38,27.2,25.4,11.2,45
2,16,2021,2021-02-16,47,4.7,1.4,7.9,89,56,-29,-14.8,30,-24.4,-35,19.8,13,19.8,48
2,15,2021,2021-02-15,46,10,4.4,12.2,74,56,-31.4,-19.1,30,-31.1,-41,21.2,16,14,48
2,14,2021,2021-02-14,45,7.6,0.6,8,78,59,-30.3,-15,39,-24,-34,21.3,21.3,21.1,48
2,13,2021,2021-02-13,44,7.1,0.6,11.6,80,51,-31.6,-16.9,39,-26.3,-40,25.1,23.4,12.7,48
2,12,2021,2021-02-12,43,9.9,1.7,13.2,87,65,-29.4,-15.6,39,-26.7,-39,25.4,16,18.2,38
2,11,2021,2021-02-11,42,7.8,6.5,8.9,83,59,-29.8,-15.7,39,-27.2,-35,25.8,25.8,17.3,39
2,10,2021,2021-02-10,41,8.3,0.6,10.6,80,65,-28.2,-15.2,39,-27.8,-35,26.4,26.4,10.2,40
2,9,2021,2021-02-09,40,8.1,1.1,10.6,93,65,-27.6,-14.9,37,-26.1,-36,20.2,20.2,8.4,42
2,8,2021,2021-02-08,39,4.1,1.8,9,93,65,-28.3,-14.4,40,-23.3,-38,40.4,12.6,27.2,41
2,7,2021,2021-02-07,38,3.3,1.1,7.9,80,58,-30,-14.4,41,-23.3,-37,18.5,15.4,18.5,43
2,6,2021,2021-02-06,37,3.3,1.7,9.4,76,57,-28.3,-18.9,43,-25,-39,31.4,14.8,30.4,43
2,5,2021,2021-02-05,36,7.9,1.8,9.6,90,60,-25.3,-12.6,37,-25.6,-34,25.1,25.1,14.9,37
2,4,2021,2021-02-04,35,7.9,5.6,12.7,79,65,-29.4,-13.9,40,-24.4,-34,22.4,19.4,11.4,37
2,3,2021,2021-02-03,34,10,1.7,16,79,56,-27.8,-13.9,38,-25,-34,21.3,18,17.5,38
2,2,2021,2021-02-02,33,6.1,1.7,7.2,76,50,-30.6,-16.7,38,-25,-38,17.3,17.3,12.8,41
2,1,2021,2021-02-01,32,7.9,1.1,10,91,70,-26.7,-15,39,-23.3,-35,26.9,26.9,16.4,44
1,31,2021,2021-01-31,31,8.9,8,14,100,74,-28.4,-14.4,29,-25.6,-38,17.6,5.8,16.4,46
1,30,2021,2021-01-30,30,12.2,5.5,14,93,63,-28.3,-15.6,28,-26.1,-37,18.8,12.6,18.8,46
1,29,2021,2021-01-29,29,7.5,2.9,8.9,100,68,-25,-15,36,-23.3,-34,16,15.8,16,46
1,28,2021,2021-01-28,28,4.4,1.7,11.2,83,59,-25.6,-12.5,28,-22.8,-34,19.6,14.8,26.4,46
1,27,2021,2021-01-27,27,6.7,3.3,11.2,109,65,-27.8,-14.6,16,-22.9,-35,19,17.2,14,43
1,26,2021,2021-01-26,26,6.7,3.9,12.8,115,70,-29.7,-16.5,42,-29.4,-38,18.4,16.3,17.6,41
1,25,2021,2021-01-25,25,8.9,1.5,16.7,97,72,-28.9,-16.7,38,-28.3,-34,15.5,13.7,7.8,43
1,24,2021,2021-01-24,24,7.2,1.7,7.7,76,55,-28.3,-15.6,46,-27.8,-39,22.4,18.6,9.4,43
1,23,2021,2021-01-23,23,8.9,2.4,11.7,78,56,-33.9,-15.6,42,-31.1,-39,32.5,14.4,36.8,36
1,22,2021,2021-01-22,22,8.3,3.3,12.2,101,77,-28.9,-15.2,37,-28.3,-37,24.4,18,9.6,38
1,21,2021,2021-01-21,21,7.8,2,9.4,93,66,-28.7,-17.8,46,-25.6,-39,12.2,9.6,8.9,38
1,20,2021,2021-01-20,20,7.4,3.5,11.4,96,64,-27.9,-14.2,38,-23.3,-36,33.6,33.6,12.2,38
1,19,2021,2021-01-19,19,8.8,2,10.3,76,46,-28.9,-18.8,45,-25,-39,19.8,14,13,38
1,18,2021,2021-01-18,18,8.4,3.9,12,83,56,-31.7,-16.8,40,-30,-39,17.3,17.3,17.2,40
1,17,2021,2021-01-17,17,8.4,4.1,10,79,56,-30.9,-19.2,37,-25.6,-39,18.6,18.6,7.6,55
1,16,2021,2021-01-16,16,8.3,1.7,11.1,82,57,-36.1,-17.8,37,-31,-37,13.4,13.4,10.9,67
1,15,2021,2021-01-15,15,9.8,1.5,10.6,93,58,-33.4,-21,37,-28.4,-40,43.4,43.4,11.2,67
1,14,2021,2021-01-14,14,10.8,1.3,12.9,83,61,-30.8,-16.7,41,-25.6,-38,49.8,29,20.8,48
1,13,2021,2021-01-13,13,12.7,4.3,17.6,76,54,-31.3,-13.3,37,-22.5,-35,29.8,29.8,15,48
1,12,2021,2021-01-12,12,11.5,4.6,14.8,89,61,-30.7,-12.8,34,-26.4,-36,22.6,22.6,12.2,36
1,11,2021,2021-01-11,11,11.1,4.5,12.6,102,80,-30.1,-19.8,34,-26.7,-37,59,59,9.8,31
1,10,2021,2021-01-10,10,6.7,2.8,9.4,85,66,-30.7,-16.7,30,-26.7,-37,19,18.2,18.7,31
1,9,2021,2021-01-09,9,10.9,2.8,11.6,107,61,-29.9,-17.4,32,-27.2,-34,58.7,58.7,12.6,30
1,8,2021,2021-01-08,8,11.7,11.3,15.5,80,67,-28.3,-18.9,36,-26.1,-37,19.2,15.8,11.2,21
1,7,2021,2021-01-07,7,11.4,6.9,14.9,82,57,-28.6,-17.3,47,-26.1,-39,21.6,21.6,10.4,23
1,6,2021,2021-01-06,6,9.3,3.6,13.9,87,63,-28,-16.4,37,-26.1,-32,17.8,7.1,17.8,20
1,5,2021,2021-01-05,5,9.7,7.4,11.1,81,58,-26.7,-15,30,-23,-37,16.5,12.2,16.5,20
1,4,2021,2021-01-04,4,9.7,7.3,12,89,59,-34.2,-14.1,40,-31.3,-45,17.7,17.7,8.9,20
1,3,2021,2021-01-03,3,11.6,4.8,13.9,72,52,-30.3,-19.7,38,-26,-35,27.9,15.8,27.9,21
1,2,2021,2021-01-02,2,9.4,1.1,12.2,70,50,-26.1,-15.2,40,-21.2,-32,16.4,16.4,16.3,25
1,1,2021,2021-01-01,1,11.8,1.7,12,85,58,-25.7,-10.6,36,-21.3,-33,30.7,12.2,17.8,18
12,31,2020,2020-12-31,366,11.7,4.4,13.9,71,56,-27.2,-14.5,45,-23.3,-36,22.7,22.7,13,20
12,30,2020,2020-12-30,365,6.6,3.3,10.2,80,59,-26.7,-11.7,38,-22.8,-35,17.8,12.2,19.6,23
12,29,2020,2020-12-29,364,13.3,6,14.6,85,59,-20.8,-10,47,-20.6,-26,32.5,32.5,7,25
12,28,2020,2020-12-28,363,13.2,2.7,17.2,104,76,-26.4,-12.5,49,-22.5,-30,27.7,11.8,16.3,25
12,27,2020,2020-12-27,362,10.6,2.6,14.2,74,50,-23.8,-11.3,47,-22.8,-29,38.4,38.4,10.9,25
12,26,2020,2020-12-26,361,9.1,1.7,9.8,82,56,-27.4,-13.2,42,-21.3,-30,19.8,19.8,12.4,30
12,25,2020,2020-12-25,360,13.5,2.8,15.7,80,61,-32.1,-12.8,42,-27.6,-38,35,35,10.4,31
12,24,2020,2020-12-24,359,11.4,5.5,15.4,93,66,-30.1,-13.1,33,-25.9,-37,22.8,22.8,8.8,36
12,23,2020,2020-12-23,358,11,4.5,13.2,82,60,-23.9,-13.9,47,-24.1,-30,20.2,20.2,15,23
12,22,2020,2020-12-22,357,11.7,4.5,14.4,74,54,-30.1,-16.5,51,-25,-36,22.9,22.9,10.9,28
12,21,2020,2020-12-21,356,13.3,5,15.6,70,56,-25.6,-13.3,43,-23.9,-31,29.5,29.5,5.4,28
12,20,2020,2020-12-20,355,11.7,5,12.2,70,51,-31.6,-17.8,37,-31.1,-37,20.3,16,20.8,23
12,19,2020,2020-12-19,354,7.8,3.9,13.3,84,50,-29.1,-11.2,20,-24.4,-35,15.7,8.9,18.6,25
12,18,2020,2020-12-18,353,6.1,2.3,8.3,64,44,-22.2,-12.8,34,-20,-29,17.8,13.2,18,21
12,17,2020,2020-12-17,352,9.7,5.1,13.8,83,67,-23.9,-10.6,44,-22.1,-34,23,23,14,23
12,16,2020,2020-12-16,351,8.6,2.5,15.4,83,56,-23.3,-12.8,46,-23.3,-27,17.1,12.2,16.8,28
12,15,2020,2020-12-15,350,11.7,3.3,14.4,82,58,-21.1,-8.9,38,-20.6,-31,25.4,25.4,14,30
12,14,2020,2020-12-14,349,11.3,6,15,84,58,-20.8,-11.1,31,-18.3,-26,20.4,18,20.3,30
12,13,2020,2020-12-13,348,10.9,6.2,13.3,95,69,-23.3,-8.9,43,-20.6,-32,9.9,4.3,9.7,30
12,12,2020,2020-12-12,347,9.6,4.4,18.9,82,57,-23.9,-13.9,42,-20,-32,35.1,29,15.2,28
12,11,2020,2020-12-11,346,10,6.2,14,87,53,-28.8,-13.6,37,-27.2,-34,28.2,10.2,28.2,26
12,10,2020,2020-12-10,345,10.6,7.2,16.1,77,61,-25.5,-13.1,33,-24.9,-26,32.5,32.5,13,28
12,9,2020,2020-12-09,344,12.2,7.2,13.9,90,56,-22.2,-9.4,36,-17.8,-28,26.2,18.8,11.6,33
12,8,2020,2020-12-08,343,14.4,12.8,17.2,74,56,-23.9,-9.4,44,-20.6,-28,16.7,8.6,17.9,13
12,7,2020,2020-12-07,342,13.6,7.8,17.6,80,58,-22.2,-10,36,-18.9,-28,16,12.4,7.9,14
12,6,2020,2020-12-06,341,15.3,7.2,18.3,80,55,-17.8,-6.7,37,-21.1,-23,40.9,40.9,10.2,14
12,5,2020,2020-12-05,340,11.1,9.8,18.3,93,68,-16.4,-7.3,37,-15.6,-20,12.4,11.6,12.4,13
12,4,2020,2020-12-04,339,14,8.1,16.7,79,56,-22.9,-7.9,33,-25,-26,19.8,19.8,7.1,10
12,3,2020,2020-12-03,338,15.6,7.8,20,85,70,-22.8,-11.1,43,-24.4,-27,30.2,15.2,15.6,12
12,2,2020,2020-12-02,337,12.3,7.2,14.5,94,67,-24.4,-8.9,36,-22.8,-28,26.6,23.6,9.4,11
12,1,2020,2020-12-01,336,11.1,6.3,15.6,109,69,-17.6,-6.7,41,-17.8,-21,28.2,28.2,9.8,10
11,30,2020,2020-11-30,335,14,7,18.8,83,61,-20.6,-6.1,41,-15,-25,33.5,20.6,33.5,10
11,29,2020,2020-11-29,334,14.1,6,16.8,76,56,-17.8,-5.6,42,-13.3,-25,48.8,48.8,11.4,16
11,28,2020,2020-11-28,333,13,5.5,18.8,93,50,-16.1,-5.6,32,-11.7,-21,36.8,36.8,13.6,8
11,27,2020,2020-11-27,332,14.8,10,19.2,80,58,-14.6,-6.1,46,-12.2,-17,17.2,17.2,10.1,6
11,26,2020,2020-11-26,331,13.2,8.1,16.1,96,63,-13.6,-5,37,-18.3,-18,25.4,25.4,16.5,6
11,25,2020,2020-11-25,330,11.9,8.3,16.3,82,58,-16.1,-2.8,38,-13.3,-23,46,41.4,5.1,8
11,24,2020,2020-11-24,329,12.9,8.9,18.3,102,67,-15.7,-5.1,35,-12.8,-22,30.5,17.6,30.5,11
11,23,2020,2020-11-23,328,15,10.5,17.5,97,72,-18.8,-5.6,34,-12.2,-20,20.1,20.1,4,17
11,22,2020,2020-11-22,327,13,8.5,15.9,79,52,-20.6,-5.9,33,-13.3,-22,19.4,17.5,19.4,9
11,21,2020,2020-11-21,326,13.3,8.3,17.2,116,71,-20.9,-7.3,32,-13,-22,35.8,35.8,2.8,12
11,20,2020,2020-11-20,325,14.1,12.8,19,93,59,-17.3,-2.8,37,-12.3,-19,26.4,26.4,11.8,8
11,19,2020,2020-11-19,324,14.2,9.4,20.6,87,60,-14.3,-2.2,36,-10.8,-18,32.5,32.5,6.2,7
11,18,2020,2020-11-18,323,16.1,8.9,20,89,61,-14.6,-4.8,37,-10.6,-20,19,19,4.2,18
11,17,2020,2020-11-17,322,13,9.2,18.9,122,80,-16.7,-1.7,41,-9.4,-21,14.8,14.8,15,13
11,16,2020,2020-11-16,321,13.2,8.9,16.8,97,80,-15,-3.4,34,-11.7,-18,26.6,26.6,5.8,14
11,15,2020,2020-11-15,320,13.9,10.5,19.3,91,57,-17.2,-3.3,32,-13.3,-19,33.8,33.8,9,13
11,14,2020,2020-11-14,319,13.5,9.8,17.4,74,65,-12.9,-3.3,34,-11.7,-17,17.6,17.6,13.2,14
11,13,2020,2020-11-13,318,12.3,8.9,17.2,93,67,-17.1,-3.9,40,-13.9,-21,23.1,23.1,9.1,13
11,12,2020,2020-11-12,317,13,8.3,19.7,93,72,-15.9,-4.7,29,-10.4,-16,32.4,32.4,4.6,13
11,11,2020,2020-11-11,316,15.9,7.2,18.4,106,61,-13.5,-1,29,-8.3,-14,35.6,35.6,13.6,0
11,10,2020,2020-11-10,315,15.6,12.3,24.3,89,60,-17.6,-3.4,35,-10.1,-19,86.1,86.1,3,0
11,9,2020,2020-11-09,314,14.1,10.5,22.3,93,64,-11.2,1.3,39,-8.4,-13,39.1,39.1,1.5,0
11,8,2020,2020-11-08,313,15,12.2,20.1,90,63,-11.1,-1.1,31,-8,-14,15.5,15.5,0.6,1
11,7,2020,2020-11-07,312,14.4,10,21,71,51,-16.8,-0.2,37,-7.8,-14,29.6,29.6,12.7,1
11,6,2020,2020-11-06,311,15.4,11.7,20.8,89,69,-11.1,0.6,40,-12.8,-13,34,22.4,13.2,0
11,5,2020,2020-11-05,310,15,11.4,20.4,78,57,-10,-2.8,34,-9.4,-12,25.1,25.1,0.5,2
11,4,2020,2020-11-04,309,14.9,11.2,20.1,76,56,-10.8,-1.1,32,-7,-12,25.4,25.4,3.8,0
11,3,2020,2020-11-03,308,15.6,11.7,25,90,64,-13.1,0,28,-6.7,-10,24.6,24.6,6.1,0
11,2,2020,2020-11-02,307,16.1,13.3,22,95,59,-8.9,3.3,34,-6.7,-10,52.4,52.4,10.2,3
11,1,2020,2020-11-01,306,15.6,13.9,25,91,58,-7.8,2.6,36,-5.6,-9,29.6,29.6,2.2,1
10,31,2020,2020-10-31,305,15.6,15,22.8,90,61,-10,2.8,37,-7.8,-9,18.8,18.8,1.4,0
10,30,2020,2020-10-30,304,18.6,16.1,21.7,74,56,-8.9,2.2,27,-7.2,-10,20.6,20.6,0,0
10,29,2020,2020-10-29,303,14.5,11.7,21.7,96,65,-9.4,3.9,29,-7.2,-10,32.5,32.5,0,0
10,28,2020,2020-10-28,302,16,9.6,22.2,80,57,-8.2,1.1,27,-6.1,-10,37.4,37.4,1.3,0
10,27,2020,2020-10-27,301,16.6,11.4,22.7,78,56,-9.4,2.8,25,-7.8,-12,29.7,29.7,2,0
10,26,2020,2020-10-26,300,17.1,14.8,25,96,56,-7.8,2.8,32,-6.7,-9,20,19,0.8,0
10,25,2020,2020-10-25,299,16.9,13.7,24.4,91,59,-6.1,3.3,38,-3.9,-8,27,27,7.4,0
10,24,2020,2020-10-24,298,16.6,13.8,23.3,98,67,-7.8,3.9,28,-5.1,-9,11.7,11.7,0.8,5
10,23,2020,2020-10-23,297,17.2,14.3,26.1,71,48,-8.9,1.7,28,-8.3,-14,32,32,0,8
10,22,2020,2020-10-22,296,17.2,15.1,25.1,66,46,-9.4,0,29,-7.2,-12,25.7,25.7,5.3,13
10,21,2020,2020-10-21,295,17.9,15.3,26.3,76,57,-6.7,3.3,30,-5,-8,46,46,7.1,0
10,20,2020,2020-10-20,294,16.4,14.5,23.9,85,54,-9.4,3.3,25,-7.2,-13,16.6,16.6,0.4,0
10,19,2020,2020-10-19,293,17.8,15.3,25,76,57,-8.9,2.4,34,-7.2,-11,34.2,34.2,0.8,0
10,18,2020,2020-10-18,292,17.9,13.3,26.7,79,52,-8.3,4,28,-6.7,-12,26.8,26.8,0.3,0
10,17,2020,2020-10-17,291,18,15.9,27.8,93,61,-7.8,5.9,25,-5,-9,36.2,36.2,0,0
10,16,2020,2020-10-16,290,18.3,17.2,27.2,87,92,-6.6,5.8,20,-4.4,-6,18.2,18.2,0,0
10,15,2020,2020-10-15,289,19.2,12.6,25.6,102,92,-8,4.5,19,-3.3,-5,121.4,121.4,0,0
10,14,2020,2020-10-14,288,17.2,14.5,25.6,104,55,-6,7.2,22,-4.4,-7,31.8,31.8,0,0
10,13,2020,2020-10-13,287,18.9,14.4,25.5,93,57,-8.2,6.2,24,-3.3,-5,36.4,36.4,0,0
10,12,2020,2020-10-12,286,18.9,16.1,27,85,45,-6.8,5.8,30,-1.1,-4,23.6,23.6,0,0
10,11,2020,2020-10-11,285,19.3,16.1,28.9,80,55,-6.7,8,32,-5.6,-8,26.7,26.7,0,0
10,10,2020,2020-10-10,284,18.9,19.1,26.8,85,61,-6.1,3.9,33,-5,-9,13.6,13.6,0.8,0
10,9,2020,2020-10-09,283,21.4,14.8,29,68,48,-4.4,7.2,32,-1.7,-4,39.4,39.4,0.8,0
10,8,2020,2020-10-08,282,20.9,16.8,31.6,89,55,-5.2,6.3,30,-2.2,-5,20.5,20.5,0,0
10,7,2020,2020-10-07,281,20.3,16.8,29.4,102,74,-9.4,7.2,29,-7.2,-11,22.6,22.6,0,0
10,6,2020,2020-10-06,280,20.6,17.8,29.4,76,56,-8.3,8.3,29,-6.7,-7,20.3,20.3,0,0
10,5,2020,2020-10-05,279,17.8,14,30.6,72,50,-6.7,8.3,29,-4.4,-7,64.8,64.8,0,0
10,4,2020,2020-10-04,278,20.5,17.2,27.2,72,63,-5,5.6,31,-3.3,-5,20.1,20.1,0,0
10,3,2020,2020-10-03,277,19.4,15.6,27.1,78,56,-8.3,7.8,24,-5,-10,18.4,18.4,0,0
10,2,2020,2020-10-02,276,20,16.2,28.3,66,48,-6.1,5.6,26,-3.3,-7,27.9,27.9,0,0
10,1,2020,2020-10-01,275,21.9,19.4,31.8,71,45,-3.8,8.9,28,-1.7,-4,30.3,30.3,0,0
9,30,2020,2020-09-30,274,20.6,16.4,27.2,80,44,-6.8,8.3,32,-1,-5,18.5,18.5,0,0
9,29,2020,2020-09-29,273,20.6,18.3,26.7,89,68,-5.1,8.3,34,-1.1,,54.6,54.6,0,0
9,28,2020,2020-09-28,272,20,18.3,29.4,67,52,-3.7,6.7,30,-2.2,,44.2,44.2,0,0
9,27,2020,2020-09-27,271,19,19.6,30.2,71,48,-5.6,8.9,28,-3.9,-8,36.8,36.8,0,0
9,26,2020,2020-09-26,270,20.6,20,31.1,92,69,-3.9,10.6,31,-3.3,-2,28.8,28.8,0,0
9,25,2020,2020-09-25,269,22.2,22.2,33.8,68,43,-1.4,10,31,0,,26.9,26.9,0,0
9,24,2020,2020-09-24,268,20.6,19.4,33.6,76,54,-3.3,6.7,30,-2.2,-5,49.4,49.4,0,0
9,23,2020,2020-09-23,267,23.9,17.7,33.1,72,51,-2.8,11,29,-1.1,-4,22.2,22.2,0,0
9,22,2020,2020-09-22,266,21.7,20.8,31.7,106,77,-5,10,21,-0.6,,41.9,41.9,0,0
9,21,2020,2020-09-21,265,22.2,20.6,32.2,83,64,-3.3,12.2,30,-1.7,-5,31.8,31.8,0,0
9,20,2020,2020-09-20,264,22.3,21.4,30,67,52,-1.7,8.9,22,-0.6,-1,12.7,12.7,0,0
9,19,2020,2020-09-19,263,22.8,18.6,32.2,72,45,-3.4,12.9,32,2.2,,32.4,32.4,0,0
9,18,2020,2020-09-18,262,21.1,20.6,32.2,84,43,-2.7,11.7,30,0,,108,108,0,0
9,17,2020,2020-09-17,261,22.1,20,31.7,85,44,-2.2,11.6,29,-1.1,-2,35.3,35.3,0,0
9,16,2020,2020-09-16,260,22.7,19.6,31.7,89,37,-4.4,11.7,32,-0.6,-3,28.9,28.9,0,0
9,15,2020,2020-09-15,259,22.6,19.8,32.5,64,50,-1.1,10,34,0,-2,54.1,54.1,0,0
9,14,2020,2020-09-14,258,21.6,21.1,30.3,93,56,-0.6,14.4,25,1.1,,57.1,57.1,0,0
9,13,2020,2020-09-13,257,22.8,19.3,35,76,55,-2.2,11.7,28,1.7,,36,36,0,0
9,12,2020,2020-09-12,256,20.7,20,34.4,74,43,-0.6,14.4,30,1.7,,23.1,23.1,0,0
9,11,2020,2020-09-11,255,21.7,21.1,33.9,74,54,-1.3,14.4,24,2.5,,25.1,25.1,0,0
9,10,2020,2020-09-10,254,23.4,20.6,34.8,66,45,-0.7,15.4,32,1.7,,63.1,63.1,0,0
9,9,2020,2020-09-09,253,21.7,23.4,33.9,79,46,1.6,16,30,2.9,,16.8,16.8,0,0
9,8,2020,2020-09-08,252,23.4,22.6,35,61,46,1.1,14.4,28,2.6,,30.2,30.2,0,0
9,7,2020,2020-09-07,251,23.6,22.3,35,72,50,-0.2,12.8,28,4.1,,66.4,66.4,0,0
9,6,2020,2020-09-06,250,23.3,22.1,34.4,89,45,1.1,16.5,27,2.2,,21.2,21.2,0,0
9,5,2020,2020-09-05,249,23.9,21.5,34.2,67,50,0.8,15.5,28,3.3,,24.4,24.4,0,0
9,4,2020,2020-09-04,248,22.5,22.4,35.6,76,54,1.1,16.1,23,2.2,,44,44,0,0
9,3,2020,2020-09-03,247,25,22.2,34.4,82,42,1.5,15.9,23,2.8,,28,28,0,0
9,2,2020,2020-09-02,246,23.9,23.3,36.7,83,44,2.2,15.6,32,4.4,,22.1,22.1,0,0
9,1,2020,2020-09-01,245,25,21.4,35.6,67,39,2.3,15.6,32,6.1,,17.5,17.5,0,0
8,31,2020,2020-08-31,244,22.2,21.7,33.7,87,71,2.8,15.6,22,3.3,,43.7,43.7,0,0
8,30,2020,2020-08-30,243,22.5,21.7,35,84,51,0,17.2,31,1.1,,80.8,80.8,0,0
8,29,2020,2020-08-29,242,23.1,21.1,34.7,68,47,-1.7,16.7,26,2,,39.1,39.1,0,0
8,28,2020,2020-08-28,241,23.7,24.3,37.2,83,57,0,16.3,28,4.1,,39.4,39.4,0,0
8,27,2020,2020-08-27,240,25,21.7,35.6,83,43,-0.6,17.2,23,6.1,,36.6,36.6,0,0
8,26,2020,2020-08-26,239,22.8,22.2,36.7,87,39,3.8,18.3,31,6.9,,71.6,71.6,0,0
8,25,2020,2020-08-25,238,22.8,23.3,38.3,59,42,2.6,17.8,29,2.8,,42,42,0,0
8,24,2020,2020-08-24,237,25,22.1,35,61,37,2.2,18.3,33,3.3,,45.2,45.2,0,0
8,23,2020,2020-08-23,236,23.2,20,31.7,66,41,0.8,17.2,23,4.4,,30.5,30.5,0,0
8,22,2020,2020-08-22,235,22.2,20.6,32.2,69,48,2.8,17,32,5.7,,66.8,66.8,0,0
8,21,2020,2020-08-21,234,23.9,24.4,35,71,41,2.1,15.6,28,4.4,,25.6,25.6,0,0
8,20,2020,2020-08-20,233,23.3,21.1,35,72,48,3.9,18,29,6.3,,33.8,33.8,0,0
8,19,2020,2020-08-19,232,22.4,20.4,35,72,41,4.3,19,30,6.3,,41.4,41.4,0,0
8,18,2020,2020-08-18,231,22.2,20.9,34.4,66,40,0.7,18.2,23,5.6,,40.5,40.5,0,0
8,17,2020,2020-08-17,230,23.1,23,32.6,70,59,1.5,20,29,7.8,,15.8,15.8,0,0
8,16,2020,2020-08-16,229,23.6,21.7,33,85,50,1.1,17.1,22,4.7,,29.7,29.7,0,0
8,15,2020,2020-08-15,228,23.9,22.2,34.4,77,51,5,17.9,26,6.7,,52.4,52.4,0,0
8,14,2020,2020-08-14,227,23.6,22.6,35,67,47,5,18.4,28,7.8,,39.2,39.2,0,0
8,13,2020,2020-08-13,226,24.8,23.3,35.6,84,48,3.9,15.6,24,6.7,,58.7,58.7,0,0
8,12,2020,2020-08-12,225,24.1,25,35.9,64,48,4.6,17.8,27,7.8,,28.4,28.4,0,0
8,11,2020,2020-08-11,224,23.5,22.8,36.1,115,51,3.7,18.2,27,7.2,,38.1,38.1,0,0
8,10,2020,2020-08-10,223,23.4,21.9,35.6,76,59,5.6,17,30,8.3,,35.8,35.8,0,0
8,9,2020,2020-08-09,222,24.8,24.5,37.2,79,42,2.8,17.8,29,7.2,,48.5,48.5,0,0
8,8,2020,2020-08-08,221,23.5,21.3,37.9,81,52,4.4,17.2,27,6.9,,44.5,44.5,0,0
8,7,2020,2020-08-07,220,22.8,24.2,35.6,78,46,1.7,17.1,30,6.7,,34.8,34.8,0,0
8,6,2020,2020-08-06,219,23.9,21.3,35.9,69,44,2.9,19.4,28,6.7,,46.5,46.5,0,0
8,5,2020,2020-08-05,218,23.7,22.8,35,69,45,2.2,19.1,30,4.4,,38,38,0,0
8,4,2020,2020-08-04,217,23.9,24.3,35,69,42,2.9,18.3,25,7.2,,36.4,36.4,0,0
8,3,2020,2020-08-03,216,24.4,23.1,35.6,63,40,2.8,20,24,7.2,,41.4,41.4,0,0
8,2,2020,2020-08-02,215,25.5,22.8,34.8,95,45,3.9,20,31,7.8,,37,37,0,0
8,1,2020,2020-08-01,214,26.1,26.3,36.7,80,46,4.2,19.4,26,6.7,,27.4,27.4,0,0
7,31,2020,2020-07-31,213,26.2,21.8,36.1,89,42,3.9,15.4,28,6.7,,59.2,59.2,0,0
7,30,2020,2020-07-30,212,24.4,22.7,34.6,72,45,2.2,19.2,30,3.9,,25.5,25.5,0,0
7,29,2020,2020-07-29,211,25.1,22.8,35.6,74,43,2.8,20,24,6.7,,25.9,25.9,0,0
7,28,2020,2020-07-28,210,23.9,23.9,34.4,61,42,2.9,18.7,25,8.5,,118.5,118.5,0,0
7,27,2020,2020-07-27,209,24.6,24.4,36.1,85,44,4,18.4,26,7.2,,31,31,0,0
7,26,2020,2020-07-26,208,24.1,21.6,34.4,89,55,3.6,20.6,30,8.9,,29.6,29.6,0,0
7,25,2020,2020-07-25,207,23.5,22.3,35,69,43,5,21.7,26,7.2,,39.6,39.6,0,0
7,24,2020,2020-07-24,206,24.5,21.8,34.7,83,37,5,20,22,8.5,,49.3,49.3,0,0
7,23,2020,2020-07-23,205,26.1,22.8,35,69,43,5.6,17.8,26,8.6,,39,39,0,0
7,22,2020,2020-07-22,204,24.6,22.8,35.6,80,40,1.9,17.2,18,7.9,,33.6,33.6,0,0
7,21,2020,2020-07-21,203,24.4,26,37.9,59,42,3.5,19.3,24,5.6,,24.5,24.5,0,0
7,20,2020,2020-07-20,202,24.7,22.2,35.8,71,43,2.8,20.6,27,6.1,,51.2,51.2,0,0
7,19,2020,2020-07-19,201,25.1,22.3,35.6,104,85,3.9,17.2,30,7.8,,37.2,37.2,0,0
7,18,2020,2020-07-18,200,26,23.7,34.4,63,48,2.8,21.1,22,7.8,,54.5,54.5,0,0
7,17,2020,2020-07-17,199,24.1,24.1,36.8,98,61,2.9,21.1,22,6.1,,67,67,0,0
7,16,2020,2020-07-16,198,23.9,23.8,34.7,63,37,5.6,21.1,27,7.2,,25.9,25.9,0,0
7,15,2020,2020-07-15,197,26.6,22.3,35.7,74,59,3.5,17.2,27,6.7,,40.5,40.5,0,0
7,14,2020,2020-07-14,196,26.4,23.6,36.8,85,48,0.1,16.1,24,7.8,,32.5,32.5,0,0
7,13,2020,2020-07-13,195,24.6,23.6,36,80,61,3.6,21.1,27,8.9,,43.9,43.9,0,0
7,12,2020,2020-07-12,194,24.1,23.2,34.7,82,43,2.7,17.2,24,7.8,,54.9,54.9,0,0
7,11,2020,2020-07-11,193,24.1,22.5,35.5,70,44,3.5,18.3,26,5,,22.4,22.4,0,0
7,10,2020,2020-07-10,192,22.9,21.8,36,71,46,0.8,20.6,20,8.9,,33.4,33.4,0,0
7,9,2020,2020-07-09,191,23.3,22.5,36.4,91,48,3.9,19.7,27,7.8,,31.5,31.5,0,0
7,8,2020,2020-07-08,190,23.7,23.6,36.9,82,39,-1.1,17.2,21,7.1,,126,126,0,0
7,7,2020,2020-07-07,189,23.7,23,37.6,61,48,2.8,16.4,21,7.8,,28,28,0,0
7,6,2020,2020-07-06,188,24.1,23.3,36.3,68,48,2.8,18.3,23,5.6,,25.4,25.4,0,0
7,5,2020,2020-07-05,187,24.2,25.7,35,98,56,-1.1,17.8,18,5.6,,32.8,32.8,0,0
7,4,2020,2020-07-04,186,25.3,25,36.3,84,45,0.6,17.2,20,5,,32.8,32.8,0,0
7,3,2020,2020-07-03,185,24.3,23.2,35.6,72,46,1.7,16.1,21,6.7,,33,33,0,0
7,2,2020,2020-07-02,184,23.6,24,35.5,65,43,0.4,19.4,21,5.6,,31.3,31.3,0,0
7,1,2020,2020-07-01,183,23.9,23.8,35.6,135,56,1.5,18.3,25,6.7,,33,33,0,0
6,30,2020,2020-06-30,182,25,21.9,35.4,80,56,0.2,18.6,20,7.8,,26,26,0,0
6,29,2020,2020-06-29,181,23.3,24.4,33.3,93,61,1.2,17.5,25,5,,26,26,0,0
6,28,2020,2020-06-28,180,23.3,22.3,34.4,61,48,1.3,15.6,29,7.2,,43.9,43.9,0,0
6,27,2020,2020-06-27,179,23.9,21.7,35,82,55,-2.2,18.5,19,7.8,,53.2,53.2,0,0
6,26,2020,2020-06-26,178,24.4,23.9,36.1,76,48,1.7,18.3,24,5.6,,17.8,17.8,0,0
6,25,2020,2020-06-25,177,23.9,21.7,36.7,76,48,-1.2,17.2,19,6.1,,33.5,33.5,0,0
6,24,2020,2020-06-24,176,23.7,21.7,35.6,68,45,0.3,13.9,26,7.1,,27.2,27.2,0,0
6,23,2020,2020-06-23,175,22.8,21.1,32.8,74,48,-1.4,13.4,23,4.6,,36.2,36.2,0,0
6,22,2020,2020-06-22,174,22.2,19.7,33,69,56,-1,13.9,22,4.4,,40.4,40.4,0,0
6,21,2020,2020-06-21,173,23.9,21.1,34.4,72,48,1.1,10.7,21,3.3,,39.3,39.3,0,0
6,20,2020,2020-06-20,172,25.6,24.4,34.6,102,63,-0.6,10,29,3.3,,26,26,0,0
6,19,2020,2020-06-19,171,22.8,21.9,35.5,82,50,1,15.6,28,4.4,,33.5,33.5,0,0
6,18,2020,2020-06-18,170,22.8,21.5,36.2,70,44,-1.1,13.9,22,2.8,,25.4,25.4,0,0
6,17,2020,2020-06-17,169,24.4,21.3,33.9,85,44,1.1,14.4,22,2.3,,27.4,27.4,0,0
6,16,2020,2020-06-16,168,25,19.4,32.7,92,58,-1.7,16.3,24,2.8,,24.4,24.4,0,0
6,15,2020,2020-06-15,167,25.1,22.2,33.6,98,46,-3.7,15.6,23,5.4,,22.9,22.9,0,0
6,14,2020,2020-06-14,166,22.5,20,34.9,78,43,-7.1,14.4,16,4.4,,18,18,0,0
6,13,2020,2020-06-13,165,22.7,22.2,33.9,87,49,-0.9,13.7,25,4.4,,53.8,53.8,0,0
6,12,2020,2020-06-12,164,22.4,23.5,33.1,72,48,-1.1,13.3,25,2.7,,21.1,21.1,0,0
6,11,2020,2020-06-11,163,22.3,21.6,33.3,65,46,-2.2,13.5,23,0.6,,24.2,24.2,0,0
6,10,2020,2020-06-10,162,23.7,21.7,32.8,71,43,-2.6,11.7,24,1.7,,29.7,29.7,0,0
6,9,2020,2020-06-09,161,22.4,19.4,34.1,72,54,-2.1,12.8,28,2,,31.5,31.5,0,0
6,8,2020,2020-06-08,160,22.3,20.5,33.4,96,54,-4,14.3,17,0.6,,20.8,20.8,0,0
6,7,2020,2020-06-07,159,22.1,22.8,33.6,76,56,-4.9,13.9,14,2.2,,37.8,37.8,0,0
6,6,2020,2020-06-06,158,22.8,20.4,33,87,46,-6.1,14.7,24,3.3,,33.8,33.8,0,0
6,5,2020,2020-06-05,157,20.6,17.2,30,66,46,-2.8,12.2,23,0.6,,23.4,23.4,0,0
6,4,2020,2020-06-04,156,18.9,18.3,31.7,69,45,-1.1,10,22,1.1,,18,18,0,0
6,3,2020,2020-06-03,155,20.5,18.9,31.7,107,44,-2.2,10.6,22,1.4,,11.4,11.4,0,0
6,2,2020,2020-06-02,154,20.4,18.2,30.2,68,47,-2.6,9.4,21,1.7,,33.2,33.2,0,0
6,1,2020,2020-06-01,153,21,18.5,28.3,72,59,-2.2,9.4,26,1.1,,40.6,40.6,0,0
5,31,2020,2020-05-31,152,21.2,20.3,31.1,89,59,-4.3,11.1,24,1.6,,92.7,92.7,0,0
5,30,2020,2020-05-30,151,22.5,22.2,33,80,41,-3.8,10.8,25,0.6,,43.2,43.2,0,0
5,29,2020,2020-05-29,150,22.5,20.4,34.1,65,56,-3.8,10,22,1.7,,21.2,21.2,0,0
5,28,2020,2020-05-28,149,22.3,20,32.5,76,51,-2,11.1,25,-0.6,,35.6,35.6,0,0
5,27,2020,2020-05-27,148,21.3,19.1,31.7,74,48,-5,12.2,24,0.6,,17,17,0,0
5,26,2020,2020-05-26,147,20,18.2,31.7,69,45,-5.6,8.3,25,-0.6,-5,24.2,24.2,0,0
5,25,2020,2020-05-25,146,20.2,19.4,31.3,71,48,-7.2,10.9,18,-1.7,-4,44.6,44.6,0.5,0
5,24,2020,2020-05-24,145,20.6,16.6,31,79,59,-7.8,11.1,21,-1.7,-4,30.7,30.7,0,0
5,23,2020,2020-05-23,144,21.1,17.2,31.7,80,47,-7.8,8.3,17,-0.6,-3,25.7,25.7,0,0
5,22,2020,2020-05-22,143,20,16.1,31.1,74,58,-5.6,9.4,25,0.6,,36.3,36.3,0,0
5,21,2020,2020-05-21,142,20,16.7,32.2,71,52,-8.4,10.4,13,-0.6,-5,23.4,23.4,0,0
5,20,2020,2020-05-20,141,20.7,16.1,32.2,76,48,-7.4,8.6,19,-0.1,-5,32.4,32.4,0,0
5,19,2020,2020-05-19,140,19.9,18.3,32.2,89,61,-6.5,8.3,20,-1.1,-3,22.6,22.6,0,0
5,18,2020,2020-05-18,139,20.5,18.3,33.9,79,51,-7.4,7.9,19,-1,-4,37.1,37.1,0,0
5,17,2020,2020-05-17,138,19.4,17.2,34.4,93,50,-10.6,8.3,20,-1.6,-5,22.4,22.4,0,0
5,16,2020,2020-05-16,137,18.5,15.8,34.4,77,58,-7.2,5,22,-0.6,-4,53.1,53.1,0,0
5,15,2020,2020-05-15,136,22.8,14.8,33.3,74,57,-6.7,6.7,24,0.4,,50.3,50.3,0.3,0
5,14,2020,2020-05-14,135,19.4,15.2,30,93,69,-7.7,10.6,20,-1.1,,27.2,27.2,0,0
5,13,2020,2020-05-13,134,19.6,13.8,29.2,69,56,-9.4,7.5,20,-3,-6,19.8,19.8,0,0
5,12,2020,2020-05-12,133,19.4,13.8,29.2,76,50,-11.2,5.6,18,-3.8,-7,59.4,59.4,0.5,0
5,11,2020,2020-05-11,132,18.3,14.2,29.6,80,68,-10.6,5.6,16,-4.4,-8,42.7,42.7,2.8,0
5,10,2020,2020-05-10,131,19.4,16.1,29.4,80,70,-11.1,5,16,-3.9,-7,20.6,20.6,0,0
5,9,2020,2020-05-09,130,18.9,14.8,30.1,97,71,-12.2,6.1,16,-4.7,-9,20.1,20.1,0.4,0
5,8,2020,2020-05-08,129,18.7,18.4,27.7,87,65,-12.9,4.8,19,-3.3,-8,22.4,22.4,0,0
5,7,2020,2020-05-07,128,17.2,19.5,29.4,76,59,-11.7,4.4,20,-5.6,-7,26,26,2.3,0
5,6,2020,2020-05-06,127,17.3,16.2,32.8,69,48,-9.4,6.1,16,-3.9,-8,36.6,36.6,0,0
5,5,2020,2020-05-05,126,16.8,16.7,30.6,98,60,-10.6,7.8,16,-3.9,-7,22.2,22.2,0,0
5,4,2020,2020-05-04,125,17.8,12.8,32.2,119,68,-10.2,6.7,20,-2.8,-6,20.2,20.2,0,0
5,3,2020,2020-05-03,124,17.4,16.1,30.6,67,46,-16.3,6.7,10,-3,-8,23,23,0,0
5,2,2020,2020-05-02,123,18.6,17.5,29.8,109,54,-9.1,6.1,22,-2.8,-7,42.6,42.6,0,0
5,1,2020,2020-05-01,122,18.3,12.5,27.8,85,59,-10.6,7.2,19,-2.6,-9,19.6,19.6,0,0
4,30,2020,2020-04-30,121,14.9,12.8,26.7,100,65,-10.2,6.8,14,-5.3,-9,23.4,23.4,1.8,0
4,29,2020,2020-04-29,120,16.1,11.7,26.1,80,56,-13,5.6,15,-3.3,-6,27.6,27.6,0.4,0
4,28,2020,2020-04-28,119,16.1,12.9,28.3,95,82,-14.7,5.1,18,-4.4,-7,28.7,28.7,0.6,0
4,27,2020,2020-04-27,118,17.2,16.5,30.3,105,52,-11.1,2.8,21,-3.3,-9,21.3,21.3,1.3,0
4,26,2020,2020-04-26,117,15.6,17.5,30.4,78,56,-12.8,3.3,20,-3.9,-9,20.6,20.1,7.4,10
4,25,2020,2020-04-25,116,19.7,11.7,31.1,115,54,-13.9,5,14,-5.6,-7,26.7,22.9,7.9,0
4,24,2020,2020-04-24,115,17.2,11,28.3,98,72,-11,5,20,-3.9,-8,19.1,19.1,0.3,0
4,23,2020,2020-04-23,114,16.1,11.6,27.2,95,57,-15.2,3.2,19,-5,-9,22.8,22.8,6.9,0
4,22,2020,2020-04-22,113,16.9,13.7,30.3,80,58,-13.2,1.4,19,-4.7,-10,20.2,20.2,2.4,1
4,21,2020,2020-04-21,112,15.9,13.3,29.2,83,56,-13.3,4.4,20,-6.9,-11,34.2,34.2,6.9,0
4,20,2020,2020-04-20,111,17.2,11.1,26.7,93,59,-14.5,2.2,13,-5.4,-11,38.8,38.8,2.2,1
4,19,2020,2020-04-19,110,15.5,10,27.5,103,74,-11.7,3.3,19,-3.9,-9,22.6,22.6,0.2,1
4,18,2020,2020-04-18,109,17.3,14.2,28.3,89,53,-12.9,2.3,15,-11.1,-16,35.8,35.8,4.8,5
4,17,2020,2020-04-17,108,18.9,16.3,28.5,78,52,-13.6,1.1,19,-11.1,-16,29.7,29.7,9.4,3
4,16,2020,2020-04-16,107,19.4,13.3,29.6,80,61,-12.9,0.9,16,-6.9,-14,38.8,38.8,5.1,4
4,15,2020,2020-04-15,106,17.2,13.9,27.5,80,56,-14.8,0.6,19,-7.8,-13,30,30,10.2,4
4,14,2020,2020-04-14,105,14.4,15,23.9,96,65,-16.1,-1.7,14,-7.8,-12,35.8,32.5,4.2,1
4,13,2020,2020-04-13,104,14.1,10,27.1,98,59,-12.1,-2.8,17,-8.9,-11,18.6,18.6,9.1,3
4,12,2020,2020-04-12,103,12.8,11.2,25.8,96,76,-14.6,-2.8,22,-14.3,-13,41.7,41.7,2.2,4
4,11,2020,2020-04-11,102,15.6,8.1,26.8,85,63,-13.9,1.7,23,-7.2,-16,55.8,55.8,6.6,4
4,10,2020,2020-04-10,101,14.5,10.2,23.3,85,76,-12.7,0,22,-7.5,-13,26.7,19,26.7,12
4,9,2020,2020-04-09,100,15.2,7.4,21.1,74,56,-16.9,-0.7,21,-9.4,-17,20.3,20.3,4.1,12
4,8,2020,2020-04-08,99,17.6,15.1,25.2,85,67,-16.7,-3.3,24,-13.3,-22,34.6,34.6,12.9,10
4,7,2020,2020-04-07,98,14,15.6,27.6,87,57,-20,-5,18,-17.2,-25,15.2,14.4,14,12
4,6,2020,2020-04-06,97,13.3,10.3,22.5,111,81,-15.6,-4,23,-11.7,-20,28.2,27.8,10.4,13
4,5,2020,2020-04-05,96,10.9,9.9,23.1,96,58,-17.8,-2.1,24,-9.4,-20,22.1,22.1,2,13
4,4,2020,2020-04-04,95,13.9,12,23.1,103,77,-19.4,-4.4,21,-11.7,-19,18,18,7.5,13
4,3,2020,2020-04-03,94,14.4,7.2,22.2,85,60,-21.1,-3.3,26,-12.2,-21,40.2,40.2,17.5,10
4,2,2020,2020-04-02,93,15.6,8.9,24.3,90,64,-14.4,0,17,-6.1,-18,29.5,29.5,9.6,11
4,1,2020,2020-04-01,92,13.9,9.5,25.8,83,70,-15.6,-0.6,23,-8.3,-14,18.8,18.8,13,12
3,31,2020,2020-03-31,91,13.8,8.1,25.4,87,56,-17.5,-2.2,17,-10.6,-16,25.7,25.7,12.4,6
3,30,2020,2020-03-30,90,15.6,9.5,25.3,80,52,-15.6,-3.9,21,-12.2,-18,33.4,30.2,8.4,3
3,29,2020,2020-03-29,89,11.1,11.1,24.4,81,52,-17.9,-4.4,16,-13.3,-17,22.6,22.6,7.6,15
3,28,2020,2020-03-28,88,15.5,12.6,25.6,93,59,-19.2,-1.7,17,-11.1,-20,12.1,12.1,3.3,23
3,27,2020,2020-03-27,87,13.8,11.1,22.6,101,61,-18.9,-6.5,25,-11.4,-23,40.8,40.8,4.3,23
3,26,2020,2020-03-26,86,13.7,9,20.3,85,64,-19.1,-4.2,19,-15.6,-23,13.5,12.4,13.5,10
3,25,2020,2020-03-25,85,11.7,7.2,20.9,80,60,-21.1,-7.2,18,-15.8,-24,21.6,21.6,10.7,10
3,24,2020,2020-03-24,84,10.4,6.5,18.3,77,56,-20,-6.7,21,-17.8,-24,15,14.7,2.4,12
3,23,2020,2020-03-23,83,13.1,11.9,19,84,56,-21,-10,24,-18.9,-20,13.2,13.2,12.6,15
3,22,2020,2020-03-22,82,15.2,10.3,26,100,76,-22.2,-6.7,25,-16.7,-27,14.5,14.5,4.8,17
3,21,2020,2020-03-21,81,14.4,10,23.3,89,59,-21.3,-6.1,18,-16.1,-22,30.8,29.8,15.2,11
3,20,2020,2020-03-20,80,15,8.8,21.9,78,63,-18.8,-9.2,31,-20,-26,14.2,12.2,11.4,10
3,19,2020,2020-03-19,79,13.9,9.3,22.8,96,63,-23.5,-5.6,18,-20,-20,19.3,19.3,10.4,15
3,18,2020,2020-03-18,78,11.7,7.2,19.9,78,56,-26.1,-9.4,21,-22.8,-33,18.8,18.8,6.4,18
3,17,2020,2020-03-17,77,11.3,5.6,19.4,90,61,-22.1,-8.9,20,-19.4,-29,39.6,31.8,16.3,18
3,16,2020,2020-03-16,76,12.1,6.7,19.3,97,64,-24,-8.4,18,-17.2,-23,41.7,41.7,14.2,18
3,15,2020,2020-03-15,75,12.2,6.2,20.9,122,97,-20.3,-6.1,21,-16.5,-24,18.5,18.5,3,23
3,14,2020,2020-03-14,74,12.2,7.1,20.1,89,67,-20.3,-11,24,-17.4,-31,23.6,20.6,16.5,25
3,13,2020,2020-03-13,73,14.7,4.1,21.4,85,57,-23,-7.1,23,-18.3,-29,21.6,21.4,8.6,28
3,12,2020,2020-03-12,72,12.6,5.1,17.1,81,69,-23.8,-8.9,28,-21.7,-27,21.6,21.6,26.4,25
3,11,2020,2020-03-11,71,10.6,5.1,17.7,119,90,-22.2,-9.4,34,-18.6,-26,21.3,21.3,8.1,26
3,10,2020,2020-03-10,70,11,2.9,15.5,96,69,-22.9,-11.1,31,-16.7,-26,30.5,24.6,32.3,28
3,9,2020,2020-03-09,69,11.3,7.8,21.4,93,57,-24.7,-8.7,35,-25.6,-28,16.8,16.8,10.4,30
3,8,2020,2020-03-08,68,13.1,3.9,21.8,97,64,-24.6,-11.1,31,-23.2,-31,28.7,21.1,17.8,20
3,7,2020,2020-03-07,67,11.8,5,16.7,93,61,-28.9,-12.4,22,-20.8,-31,23.6,23.6,16,28
3,6,2020,2020-03-06,66,9.2,2.4,18.9,87,56,-31,-12.3,29,-27.8,-34,29.5,29.5,16.5,23
3,5,2020,2020-03-05,65,12.2,3,18.5,124,80,-23,-10,32,-25,-29,21.6,18.4,14.4,26
3,4,2020,2020-03-04,64,10.6,3,13.3,95,68,-23.3,-11.7,29,-28.9,-26,31.4,29.5,24.4,27
3,3,2020,2020-03-03,63,11.1,3.9,16.1,85,58,-32,-15,28,-24.7,-36,27.2,27.2,13.7,27
3,2,2020,2020-03-02,62,11.3,3.7,15.5,80,59,-24,-12.2,37,-23,-31,31.5,8.4,11.9,26
3,1,2020,2020-03-01,61,10.7,2.2,14,84,61,-23.7,-12.4,37,-20.5,-29,26.9,20.6,9.4,25
2,29,2020,2020-02-29,60,7.2,-0.2,10.7,104,60,-26.3,-14,46,-23.9,-36,5.2,1.2,4.8,23
2,28,2020,2020-02-28,59,7,1.8,16.2,89,53,-24.6,-9.7,34,-22.8,-29,25.4,12.7,15.2,30
2,27,2020,2020-02-27,58,10.1,4,14.8,96,67,-23.5,-10,27,-25.6,-29,21,11.2,18.4,30
2,26,2020,2020-02-26,57,8.5,1.7,11.1,90,68,-25,-10.6,34,-22.8,-28,16.6,10.4,11.4,36
2,25,2020,2020-02-25,56,9.2,3.6,14.5,105,72,-27.2,-12.2,37,-23.9,-30,55.9,14,39.9,30
2,24,2020,2020-02-24,55,7.6,3.9,11.7,91,67,-24.8,-9.4,40,-20.1,-30,31.8,31.8,15.5,30
2,23,2020,2020-02-23,54,11.7,4.4,17.7,97,64,-27,-15.2,36,-21.6,-33,22.3,22.3,15.7,24
2,22,2020,2020-02-22,53,8.6,3.1,11.8,87,61,-27.8,-12.2,19,-20,-31,31,31,11.4,25
2,21,2020,2020-02-21,52,10.9,3.3,14.6,83,74,-24.9,-13.3,31,-20,-30,28.4,24.9,24.9,20
2,20,2020,2020-02-20,51,14.4,3.6,16.5,82,61,-28.1,-16.1,37,-25.6,-35,15,12.2,8.9,23
2,19,2020,2020-02-19,50,8.3,3.8,12.5,97,66,-27.9,-14.6,38,-28.3,-34,37.1,23.9,13.2,23
2,18,2020,2020-02-18,49,9.1,4.5,11.9,96,65,-29.8,-10.5,35,-27.7,-36,14.2,14.2,8.2,23
2,17,2020,2020-02-17,48,5.7,2.6,11.3,91,77,-31.4,-19.2,25,-26.8,-38,27.2,25.4,11.2,45
2,16,2020,2020-02-16,47,4.7,1.4,7.9,89,56,-29,-14.8,30,-24.4,-35,19.8,13,19.8,48
2,15,2020,2020-02-15,46,10,4.4,12.2,74,56,-31.4,-19.1,30,-31.1,-41,21.2,16,14,48
2,14,2020,2020-02-14,45,7.6,0.6,8,78,59,-30.3,-15,39,-24,-34,21.3,21.3,21.1,48
2,13,2020,2020-02-13,44,7.1,0.6,11.6,80,51,-31.6,-16.9,39,-26.3,-40,25.1,23.4,12.7,48
2,12,2020,2020-02-12,43,9.9,1.7,13.2,87,65,-29.4,-15.6,39,-26.7,-39,25.4,16,18.2,38
2,11,2020,2020-02-11,42,7.8,6.5,8.9,83,59,-29.8,-15.7,39,-27.2,-35,25.8,25.8,17.3,39
2,10,2020,2020-02-10,41,8.3,0.6,10.6,80,65,-28.2,-15.2,39,-27.8,-35,26.4,26.4,10.2,40
2,9,2020,2020-02-09,40,8.1,1.1,10.6,93,65,-27.6,-14.9,37,-26.1,-36,20.2,20.2,8.4,42
2,8,2020,2020-02-08,39,4.1,1.8,9,93,65,-28.3,-14.4,40,-23.3,-38,40.4,12.6,27.2,41
2,7,2020,2020-02-07,38,3.3,1.1,7.9,80,58,-30,-14.4,41,-23.3,-37,18.5,15.4,18.5,43
2,6,2020,2020-02-06,37,3.3,1.7,9.4,76,57,-28.3,-18.9,43,-25,-39,31.4,14.8,30.4,43
2,5,2020,2020-02-05,36,7.9,1.8,9.6,90,60,-25.3,-12.6,37,-25.6,-34,25.1,25.1,14.9,37
2,4,2020,2020-02-04,35,7.9,5.6,12.7,79,65,-29.4,-13.9,41,-24.4,-34,22.4,19.4,11.4,37
2,3,2020,2020-02-03,34,10,1.7,16,79,56,-27.8,-13.9,38,-25,-34,21.3,18,17.5,38
2,2,2020,2020-02-02,33,6.1,1.7,7.2,76,50,-30.6,-16.7,38,-25,-38,17.3,17.3,12.8,41
2,1,2020,2020-02-01,32,7.9,1.1,10,91,70,-26.7,-15,39,-23.3,-35,26.9,26.9,16.4,44
1,31,2020,2020-01-31,31,8.9,8,14,100,74,-28.4,-14.4,29,-25.6,-38,17.6,5.8,16.4,46
1,30,2020,2020-01-30,30,12.2,5.5,14,93,63,-28.3,-15.6,28,-26.1,-37,18.8,12.6,18.8,46
1,29,2020,2020-01-29,29,7.5,2.9,8.9,100,68,-25,-15,36,-23.3,-34,16,15.8,16,46
1,28,2020,2020-01-28,28,4.4,1.7,11.2,83,59,-25.6,-12.5,28,-22.8,-34,19.6,14.8,26.4,46
1,27,2020,2020-01-27,27,6.7,3.3,11.2,109,65,-27.8,-14.6,16,-22.9,-35,19,17.2,14,43
1,26,2020,2020-01-26,26,6.7,3.9,12.8,115,70,-29.7,-16.5,42,-29.4,-38,18.4,16.3,17.6,41
1,25,2020,2020-01-25,25,8.9,1.5,16.7,97,72,-28.9,-16.7,38,-28.3,-34,15.5,13.7,7.8,43
1,24,2020,2020-01-24,24,7.2,1.7,7.7,76,55,-28.3,-15.6,46,-27.8,-39,22.4,18.6,9.4,43
1,23,2020,2020-01-23,23,8.9,2.4,11.7,78,56,-33.9,-15.6,42,-31.1,-39,32.5,14.4,36.8,36
1,22,2020,2020-01-22,22,8.3,3.3,12.2,101,77,-28.9,-15.2,37,-28.3,-37,24.4,18,9.6,38
1,21,2020,2020-01-21,21,7.8,2,9.4,93,66,-28.7,-17.8,46,-25.6,-39,12.2,9.6,8.9,38
1,20,2020,2020-01-20,20,7.4,3.5,11.4,96,64,-27.9,-14.2,38,-23.3,-36,33.6,33.6,12.2,38
1,19,2020,2020-01-19,19,8.8,2,10.3,76,46,-28.9,-18.8,45,-25,-39,19.8,14,13,38
1,18,2020,2020-01-18,18,8.4,3.9,12,83,56,-31.7,-16.8,40,-30,-39,17.3,17.3,17.2,40
1,17,2020,2020-01-17,17,8.4,4.1,10,79,56,-30.9,-19.2,37,-25.6,-39,18.6,18.6,7.6,55
1,16,2020,2020-01-16,16,8.3,1.7,11.1,82,57,-36.1,-17.8,37,-31,-37,13.4,13.4,10.9,67
1,15,2020,2020-01-15,15,9.8,1.5,10.6,93,58,-33.4,-21,37,-28.4,-40,43.4,43.4,11.2,67
1,14,2020,2020-01-14,14,10.8,1.3,12.9,83,61,-30.8,-16.7,41,-25.6,-38,49.8,29,20.8,48
1,13,2020,2020-01-13,13,12.7,4.3,17.6,76,54,-31.3,-13.3,37,-22.5,-35,29.8,29.8,15,48
1,12,2020,2020-01-12,12,11.5,4.6,14.8,89,61,-30.7,-12.8,34,-26.4,-36,22.6,22.6,12.2,36
1,11,2020,2020-01-11,11,11.1,4.5,12.6,102,80,-30.1,-19.8,34,-26.7,-37,59,59,9.8,31
1,10,2020,2020-01-10,10,6.7,2.8,9.4,85,66,-30.7,-16.7,30,-26.7,-37,19,18.2,18.7,31
1,9,2020,2020-01-09,9,10.9,2.8,11.6,107,61,-29.9,-17.4,45,-27.2,-34,58.7,58.7,12.6,30
1,8,2020,2020-01-08,8,11.7,11.3,15.5,80,67,-28.3,-18.9,36,-26.1,-37,19.2,15.8,11.2,21
1,7,2020,2020-01-07,7,11.4,6.9,14.9,82,57,-28.6,-17.3,47,-26.1,-39,21.6,21.6,10.4,23
1,6,2020,2020-01-06,6,9.3,3.6,13.9,87,63,-28,-16.4,37,-26.1,-32,17.8,7.1,17.8,20
1,5,2020,2020-01-05,5,9.7,7.4,11.1,81,58,-26.7,-15,30,-23,-37,16.5,12.2,16.5,20
1,4,2020,2020-01-04,4,9.7,7.3,12,89,59,-34.2,-14.1,40,-31.3,-45,17.7,17.7,8.9,20
1,3,2020,2020-01-03,3,11.6,4.8,13.9,72,52,-30.3,-19.7,38,-26,-35,27.9,15.8,27.9,21
1,2,2020,2020-01-02,2,9.4,1.1,12.2,70,50,-26.1,-15.2,40,-21.2,-32,16.4,16.4,16.3,25
1,1,2020,2020-01-01,1,11.8,1.7,12,85,58,-25.7,-10.6,36,-21.3,-33,30.7,12.2,17.8,18
12,31,2019,2019-12-31,365,11.7,4.4,13.9,71,56,-27.2,-14.5,45,-23.3,-36,22.7,22.7,13,20
12,30,2019,2019-12-30,364,6.6,3.3,10.2,80,59,-26.7,-11.7,38,-22.8,-35,17.8,12.2,19.6,23
12,29,2019,2019-12-29,363,13.3,6,14.6,85,59,-20.8,-10,47,-20.6,-26,32.5,32.5,7,25
12,28,2019,2019-12-28,362,13.2,2.7,17.2,104,76,-26.4,-12.5,49,-22.5,-30,27.7,11.8,16.3,25
12,27,2019,2019-12-27,361,10.6,2.6,14.2,74,50,-23.8,-11.3,47,-22.8,-29,38.4,38.4,10.9,25
12,26,2019,2019-12-26,360,9.1,1.7,9.8,82,56,-27.4,-13.2,42,-21.3,-30,19.8,19.8,12.4,30
12,25,2019,2019-12-25,359,13.5,2.8,15.7,80,61,-32.1,-12.8,42,-27.6,-38,35,35,10.4,31
12,24,2019,2019-12-24,358,11.4,5.5,15.4,93,66,-30.1,-13.1,33,-25.9,-37,22.8,22.8,8.8,36
12,23,2019,2019-12-23,357,11,4.5,13.2,82,60,-23.9,-13.9,47,-24.1,-30,20.2,20.2,15,23
12,22,2019,2019-12-22,356,11.7,4.5,14.4,74,54,-30.1,-16.5,51,-25,-36,22.9,22.9,10.9,28
12,21,2019,2019-12-21,355,13.3,5,15.6,70,56,-25.6,-13.3,43,-23.9,-31,29.5,29.5,5.4,28
12,20,2019,2019-12-20,354,11.7,5,12.2,70,51,-31.6,-17.8,37,-31.1,-37,20.3,16,20.8,23
12,19,2019,2019-12-19,353,7.8,3.9,13.3,84,50,-29.1,-11.2,20,-24.4,-35,15.7,8.9,18.6,25
12,18,2019,2019-12-18,352,6.1,2.3,8.3,64,44,-22.2,-12.8,47,-20,-29,17.8,13.2,18,21
12,17,2019,2019-12-17,351,9.7,5.1,13.8,83,67,-23.9,-10.6,44,-22.1,-34,23,23,14,23
12,16,2019,2019-12-16,350,8.6,2.5,15.4,83,56,-23.3,-12.8,47,-23.3,-27,17.1,12.2,16.8,28
12,15,2019,2019-12-15,349,11.7,3.3,14.4,82,58,-21.1,-8.9,38,-20.6,-31,25.4,25.4,14,30
12,14,2019,2019-12-14,348,11.3,6,15,84,58,-20.8,-11.1,31,-18.3,-26,20.4,18,20.3,30
12,13,2019,2019-12-13,347,10.9,6.2,13.3,95,69,-23.3,-8.9,43,-20.6,-32,9.9,4.3,9.7,30
12,12,2019,2019-12-12,346,9.6,4.4,18.9,82,57,-23.9,-13.9,42,-20,-32,35.1,29,15.2,28
12,11,2019,2019-12-11,345,10,6.2,14,87,53,-28.8,-13.6,37,-27.2,-34,28.2,10.2,28.2,26
12,10,2019,2019-12-10,344,10.6,7.2,16.1,77,61,-25.5,-13.1,33,-24.9,-26,32.5,32.5,13,28
12,9,2019,2019-12-09,343,12.2,7.2,13.9,90,56,-22.2,-9.4,36,-17.8,-28,26.2,18.8,11.6,33
12,8,2019,2019-12-08,342,14.4,12.8,17.2,74,56,-23.9,-9.4,44,-20.6,-28,16.7,8.6,17.9,13
12,7,2019,2019-12-07,341,13.6,7.8,17.6,80,58,-22.2,-10,36,-18.9,-28,16,12.4,7.9,14
12,6,2019,2019-12-06,340,15.3,7.2,18.3,80,55,-17.8,-6.7,37,-21.1,-23,40.9,40.9,10.2,14
12,5,2019,2019-12-05,339,11.1,9.8,18.3,93,68,-16.4,-7.3,37,-15.6,-20,12.4,11.6,12.4,13
12,4,2019,2019-12-04,338,14,8.1,16.7,79,56,-22.9,-7.9,33,-25,-26,19.8,19.8,7.1,10
12,3,2019,2019-12-03,337,15.6,7.8,20,85,70,-22.8,-11.1,43,-24.4,-27,30.2,15.2,15.6,12
12,2,2019,2019-12-02,336,12.3,7.2,14.5,94,67,-24.4,-8.9,36,-22.8,-28,26.6,23.6,9.4,11
12,1,2019,2019-12-01,335,11.1,6.3,15.6,109,69,-17.6,-6.7,41,-17.8,-21,28.2,28.2,5.3,10
11,30,2019,2019-11-30,334,14,7,18.8,83,61,-20.6,-6.1,41,-15,-25,33.5,17.6,33.5,10
11,29,2019,2019-11-29,333,14.1,6,16.8,76,56,-17.8,-5.6,42,-13.3,-25,48.8,48.8,11.4,16
11,28,2019,2019-11-28,332,13,5.5,18.8,93,50,-16.1,-5.6,32,-11.7,-21,36.8,36.8,13.6,8
11,27,2019,2019-11-27,331,14.8,10,19.2,80,58,-14.6,-6.1,46,-12.2,-17,17.2,17.2,10.1,6
11,26,2019,2019-11-26,330,13.2,8.1,16.1,96,63,-13.6,-5,37,-18.3,-18,25.4,25.4,16.5,6
11,25,2019,2019-11-25,329,11.9,8.3,16.3,82,58,-16.1,-2.8,38,-13.3,-23,46,41.4,5.1,7
11,24,2019,2019-11-24,328,12.9,8.9,18.3,102,67,-15.7,-5.1,35,-12.8,-22,30.5,17.6,30.5,6
11,23,2019,2019-11-23,327,15,10.5,17.5,97,72,-18.8,-5.6,34,-12.2,-20,20.1,20.1,4,8
11,22,2019,2019-11-22,326,13,8.5,15.9,79,52,-20.6,-5.9,33,-13.3,-22,17.5,17.5,7.6,9
11,21,2019,2019-11-21,325,13.3,8.3,17.2,116,71,-20.9,-7.3,32,-13,-22,35.8,35.8,2.8,12
11,20,2019,2019-11-20,324,14.1,12.8,19,93,59,-17.3,-2.8,39,-12.3,-19,26.4,26.4,11.8,8
11,19,2019,2019-11-19,323,14.2,9.4,20.6,87,60,-14.3,-2.2,40,-10.8,-18,32.5,32.5,6.2,7
11,18,2019,2019-11-18,322,16.1,8.9,20,89,61,-14.6,-4.8,37,-10.6,-20,19,19,4.2,18
11,17,2019,2019-11-17,321,13,9.2,18.9,122,80,-16.7,-1.7,42,-9.4,-21,14.8,14.8,15,13
11,16,2019,2019-11-16,320,13.2,8.9,16.8,97,80,-15,-3.4,34,-11.7,-18,26.6,26.6,5.8,14
11,15,2019,2019-11-15,319,13.9,10.5,19.3,80,56,-17.2,-3.3,32,-13.3,-19,33.8,33.8,9,13
11,14,2019,2019-11-14,318,13.5,9.8,17.4,74,65,-12.9,-3.3,34,-11.7,-17,17.6,17.6,13.2,14
11,13,2019,2019-11-13,317,12.3,8.9,17.2,93,67,-17.1,-3.9,40,-13.9,-21,23.1,23.1,9.1,13
11,12,2019,2019-11-12,316,13,8.3,19.7,93,72,-15.9,-4.7,29,-10.4,-16,32.4,32.4,4.6,13
11,11,2019,2019-11-11,315,13.7,7.2,18.4,106,61,-13.5,-1,29,-8.3,-14,35.6,35.6,13.6,0
11,10,2019,2019-11-10,314,15.6,12.3,17.8,89,60,-17.6,-3.4,35,-10.1,-19,86.1,86.1,3,0
11,9,2019,2019-11-09,313,14.1,10.5,22.3,93,64,-11.2,1.3,39,-8.4,-13,39.1,39.1,1.5,0
11,8,2019,2019-11-08,312,15,12.2,19.4,90,63,-11.1,-1.1,31,-8,-14,15.5,15.5,0.6,1
11,7,2019,2019-11-07,311,14.4,10,20,71,51,-16.8,-0.2,37,-7.8,-14,29.6,29.6,12.7,1
11,6,2019,2019-11-06,310,15.4,11.7,18.9,89,69,-11.1,0.6,40,-12.8,-13,34,22.4,13.2,0
11,5,2019,2019-11-05,309,15,11.4,20.4,78,57,-10,-2.8,34,-9.4,-12,25.1,25.1,0.5,2
11,4,2019,2019-11-04,308,14.9,11.2,20.1,76,56,-10.8,-1.1,32,-7,-12,25.4,25.4,3.8,0
11,3,2019,2019-11-03,307,15.6,11.7,25,90,64,-13.1,0,28,-6.7,-10,24.6,24.6,6.1,0
11,2,2019,2019-11-02,306,16.1,13.3,22,95,59,-8.9,3.3,34,-6.7,-10,52.4,52.4,10.2,3
11,1,2019,2019-11-01,305,15.6,13.9,25,91,58,-7.8,2.6,36,-5.6,-9,29.6,29.6,2.2,0
10,31,2019,2019-10-31,304,15.6,15,22.8,90,61,-10,2.8,37,-7.8,-9,18.8,18.8,1.4,0
10,30,2019,2019-10-30,303,18.6,16.1,21.7,74,56,-8.9,2.2,27,-7.2,-10,20.6,20.6,0,0
10,29,2019,2019-10-29,302,14.5,11.7,21.7,96,65,-9.4,3.9,29,-7.2,-10,32.5,32.5,0,0
10,28,2019,2019-10-28,301,16,9.6,22.2,80,57,-8.2,1.1,27,-6.1,-10,37.4,37.4,1.3,0
10,27,2019,2019-10-27,300,16.6,11.4,22.7,78,56,-9.4,2.8,25,-7.8,-12,29.7,29.7,2,0
10,26,2019,2019-10-26,299,17.1,14.8,25,96,56,-7.8,2.8,32,-6.7,-9,20,19,0.8,0
10,25,2019,2019-10-25,298,16.9,13.7,24.4,91,59,-6.1,3.3,38,-3.9,-8,27,27,7.4,0
10,24,2019,2019-10-24,297,16.6,13.8,23.3,98,67,-7.8,3.9,28,-5.1,-9,11.7,11.7,0.8,5
10,23,2019,2019-10-23,296,14.8,14.3,26.1,71,48,-8.9,1.7,28,-8.3,-14,32,32,0,8
10,22,2019,2019-10-22,295,17.2,15.1,25.1,66,46,-9.4,0,29,-7.2,-12,25.7,25.7,5.3,13
10,21,2019,2019-10-21,294,17.9,15.3,26.3,76,57,-6.7,3.3,30,-5,-8,46,46,7.1,0
10,20,2019,2019-10-20,293,16.4,14.5,23.9,85,54,-9.4,3.3,25,-7.2,-13,16.6,16.6,0.4,0
10,19,2019,2019-10-19,292,17.8,15.3,25,76,57,-8.9,2.4,34,-7.2,-11,34.2,34.2,0.8,0
10,18,2019,2019-10-18,291,17.9,13.3,26.7,79,52,-8.3,4,28,-6.7,-12,26.8,26.8,0.3,0
10,17,2019,2019-10-17,290,18,15.9,27.8,93,61,-7.8,5.9,25,-5,-9,36.2,36.2,0,0
10,16,2019,2019-10-16,289,18.3,17.2,27.2,87,92,-6.6,5.8,20,-4.4,-6,18.2,18.2,0,0
10,15,2019,2019-10-15,288,19.2,12.6,25.6,102,92,-8,4.5,19,-3.3,-5,121.4,121.4,0,0
10,14,2019,2019-10-14,287,17.2,14.5,25.6,104,55,-6,7.2,22,-4.4,-7,31.8,31.8,0,0
10,13,2019,2019-10-13,286,18.9,14.4,25.5,93,57,-8.2,6.2,24,-3.3,-5,36.4,36.4,0,0
10,12,2019,2019-10-12,285,18.9,16.1,27,85,45,-6.8,5.8,30,-1.1,-4,23.6,23.6,0,0
10,11,2019,2019-10-11,284,19.3,16.1,28.9,80,55,-6.7,8,32,-5.6,-8,26.7,26.7,0,0
10,10,2019,2019-10-10,283,18.9,19.1,26.8,85,61,-6.1,3.9,33,-5,-9,13.6,13.6,0.8,0
10,9,2019,2019-10-09,282,21.4,14.8,29,68,48,-4.4,7.2,32,-1.7,-4,39.4,39.4,0.8,0
10,8,2019,2019-10-08,281,20.9,16.8,31.6,89,55,-5.2,6.3,30,-2.2,-5,20.5,20.5,0,0
10,7,2019,2019-10-07,280,20.3,16.8,29.4,102,74,-9.4,7.2,29,-7.2,-11,22.6,22.6,0,0
10,6,2019,2019-10-06,279,20.6,17.8,29.4,76,56,-8.3,8.3,29,-6.7,-7,20.3,20.3,0,0
10,5,2019,2019-10-05,278,17.8,14,30.6,72,50,-6.7,8.3,29,-4.4,-7,64.8,64.8,0,0
10,4,2019,2019-10-04,277,20.5,17.2,27.2,72,63,-5,5.6,31,-3.3,-5,20.1,20.1,0,0
10,3,2019,2019-10-03,276,19.4,15.6,27.1,78,56,-8.3,7.8,24,-5,-10,18.4,18.4,0,0
10,2,2019,2019-10-02,275,20,16.2,28.3,66,48,-6.1,5.6,26,-3.3,-7,27.9,27.9,0,0
10,1,2019,2019-10-01,274,21.9,19.4,31.8,71,45,-3.8,8.9,28,-1.7,-4,30.3,30.3,0,0
9,30,2019,2019-09-30,273,20.6,16.4,27.2,80,44,-6.8,8.3,32,-1,-5,18.5,18.5,0,0
9,29,2019,2019-09-29,272,20.6,18.3,26.7,89,68,-5.1,8.3,34,-1.1,,54.6,54.6,0,0
9,28,2019,2019-09-28,271,20,18.3,29.4,67,52,-3.7,6.7,30,-2.2,,44.2,44.2,0,0
9,27,2019,2019-09-27,270,19,18.9,30.2,71,48,-5.6,8.9,28,-3.9,-8,36.8,36.8,0,0
9,26,2019,2019-09-26,269,20.6,20,31.1,92,69,-3.9,10.6,31,-3.3,-2,28.8,28.8,0,0
9,25,2019,2019-09-25,268,22.2,22.2,33.8,68,43,-1.4,10,31,0,,26.9,26.9,0,0
9,24,2019,2019-09-24,267,20.6,19.4,33.6,76,54,-3.3,6.7,30,-2.2,-5,49.4,49.4,0,0
9,23,2019,2019-09-23,266,23.9,17.7,33.1,72,51,-2.8,11,29,-1.1,-4,22.2,22.2,0,0
9,22,2019,2019-09-22,265,21.7,20.8,31.7,106,77,-5,10,21,-0.6,,41.9,41.9,0,0
9,21,2019,2019-09-21,264,22.2,20.6,32.2,83,64,-3.3,12.2,30,-1.7,-5,31.8,31.8,0,0
9,20,2019,2019-09-20,263,22.3,21.4,30,67,52,-1.7,8.9,22,-0.6,-1,12.7,12.7,0,0
9,19,2019,2019-09-19,262,22.8,18.6,32.2,72,45,-2.4,12.9,32,2.2,,32.4,32.4,0,0
9,18,2019,2019-09-18,261,21.1,20.6,32.2,84,43,0,11.7,34,0,,108,108,0,0
9,17,2019,2019-09-17,260,22.1,20,31.7,85,44,-2.2,11.6,29,-1.1,-2,35.3,35.3,0,0
9,16,2019,2019-09-16,259,22.7,19.6,31.7,89,37,-4.4,11.7,32,-0.6,-3,28.9,28.9,0,0
9,15,2019,2019-09-15,258,22.6,19.8,32.5,64,50,-1.1,10,34,0,-2,54.1,54.1,0,0
9,14,2019,2019-09-14,257,21.6,21.1,30.3,93,56,-0.6,14.4,25,1.1,,57.1,57.1,0,0
9,13,2019,2019-09-13,256,22.8,19.3,35,76,55,-2.2,11.7,28,1.7,,36,36,0,0
9,12,2019,2019-09-12,255,20.7,20,34.4,74,43,-0.6,14.4,30,1.7,,23.1,23.1,0,0
9,11,2019,2019-09-11,254,21.7,21.1,33.9,74,54,-1.3,14.4,24,2.5,,25.1,25.1,0,0
9,10,2019,2019-09-10,253,23.4,20.6,34.8,66,45,-0.7,15.4,32,1.7,,63.1,63.1,0,0
9,9,2019,2019-09-09,252,21.7,23.4,33.9,79,46,1.6,16,30,2.9,,16.8,16.8,0,0
9,8,2019,2019-09-08,251,23.4,22.6,35,61,46,1.1,14.4,28,2.6,,30.2,30.2,0,0
9,7,2019,2019-09-07,250,23.6,22.3,35,72,50,-0.2,12.8,28,4.1,,66.4,66.4,0,0
9,6,2019,2019-09-06,249,23.3,22.1,34.4,89,45,1.1,16.5,27,2.2,,21.2,21.2,0,0
9,5,2019,2019-09-05,248,23.9,21.5,34.2,67,50,0.8,15.5,28,3.3,,24.4,24.4,0,0
9,4,2019,2019-09-04,247,22.5,22.4,35.6,76,54,1.1,16.1,23,2.2,,44,44,0,0
9,3,2019,2019-09-03,246,25,22.2,34.4,82,42,1.5,15.9,23,2.8,,28,28,0,0
9,2,2019,2019-09-02,245,23.9,23.3,36.7,83,44,2.2,15.6,32,4.4,,22.1,22.1,0,0
9,1,2019,2019-09-01,244,25,21.4,35.6,67,39,2.3,15.6,32,6.1,,17.5,17.5,0,0
8,31,2019,2019-08-31,243,22.2,21.7,33.7,87,71,2.8,15.6,22,3.3,,43.7,43.7,0,0
8,30,2019,2019-08-30,242,22.5,21.7,35,84,51,0,17.2,31,1.1,,80.8,80.8,0,0
8,29,2019,2019-08-29,241,23.1,21.1,34.7,65,45,-1.7,16.7,26,2,,39.1,39.1,0,0
8,28,2019,2019-08-28,240,23.7,24.3,37.2,83,57,0,16.3,28,4.1,,39.4,39.4,0,0
8,27,2019,2019-08-27,239,25,21.7,35.6,83,37,-0.6,17.2,23,6.1,,36.6,36.6,0,0
8,26,2019,2019-08-26,238,22.8,22.2,36.7,87,39,3.8,18.3,31,6.9,,71.6,71.6,0,0
8,25,2019,2019-08-25,237,22.8,23.3,38.3,59,42,2.6,17.8,29,2.8,,42,42,0,0
8,24,2019,2019-08-24,236,25,22.1,35,61,37,2.2,18.3,33,3.3,,45.2,45.2,0,0
8,23,2019,2019-08-23,235,23.2,20,31.7,66,41,0.8,17.2,23,4.4,,30.5,30.5,0,0
8,22,2019,2019-08-22,234,22.2,20.6,32.2,69,48,2.8,17,32,5.7,,66.8,66.8,0,0
8,21,2019,2019-08-21,233,23.9,24.4,35,71,41,2.1,15.6,28,4.4,,25.6,25.6,0,0
8,20,2019,2019-08-20,232,23.3,21.1,35,72,48,3.9,18,29,6.3,,33.8,33.8,0,0
8,19,2019,2019-08-19,231,22.4,20.4,35,72,41,4.3,19,30,6.3,,41.4,41.4,0,0
8,18,2019,2019-08-18,230,22.2,20.9,34.4,66,37,0.7,18.2,23,5.6,,40.5,40.5,0,0
8,17,2019,2019-08-17,229,23.1,23,32.6,70,59,1.5,20,29,7.8,,15.8,15.8,0,0
8,16,2019,2019-08-16,228,23.6,21.7,33,85,50,1.1,17.1,22,4.7,,29.7,29.7,0,0
8,15,2019,2019-08-15,227,23.9,22.2,34.4,77,51,5,17.9,26,6.7,,52.4,52.4,0,0
8,14,2019,2019-08-14,226,23.6,22.6,35,67,47,5,18.4,28,7.8,,39.2,39.2,0,0
8,13,2019,2019-08-13,225,24.8,23.3,35.6,84,48,3.9,15.6,24,6.7,,58.7,58.7,0,0
8,12,2019,2019-08-12,224,24.1,25,35.9,64,48,4.6,17.8,27,7.8,,28.4,28.4,0,0
8,11,2019,2019-08-11,223,23.5,22.8,36.1,115,51,3.7,18.2,27,7.2,,38.1,38.1,0,0
8,10,2019,2019-08-10,222,23.4,21.9,35.6,76,59,5.6,17,30,8.3,,35.8,35.8,0,0
8,9,2019,2019-08-09,221,24.8,24.5,37.2,79,42,2.8,17.8,29,7.2,,48.5,48.5,0,0
8,8,2019,2019-08-08,220,23.5,21.3,37.9,81,52,4.4,17.2,27,6.9,,44.5,44.5,0,0
8,7,2019,2019-08-07,219,22.8,24.2,35.6,78,46,1.7,17.1,30,6.7,,34.8,34.8,0,0
8,6,2019,2019-08-06,218,23.9,21.3,35.9,69,44,2.9,19.4,28,6.7,,46.5,46.5,0,0
8,5,2019,2019-08-05,217,23.7,22.8,35,69,45,2.2,19.1,30,4.4,,38,38,0,0
8,4,2019,2019-08-04,216,23.9,24.3,35,69,42,2.9,18.3,25,7.2,,36.4,36.4,0,0
8,3,2019,2019-08-03,215,24.4,23.1,35.6,63,40,2.8,20,24,7.2,,41.4,41.4,0,0
8,2,2019,2019-08-02,214,25.5,22.8,34.8,95,45,3.9,20,31,7.8,,36.8,36.8,0,0
8,1,2019,2019-08-01,213,26.1,26.3,36.7,80,46,4.2,19.4,26,6.7,,27.4,27.4,0,0
7,31,2019,2019-07-31,212,26.2,21.8,36.1,89,42,3.9,15.4,28,6.7,,59.2,59.2,0,0
7,30,2019,2019-07-30,211,24.4,22.7,34.6,72,45,2.2,19.2,30,3.9,,25.5,25.5,0,0
7,29,2019,2019-07-29,210,25.1,22.8,35.6,74,43,2.8,20,24,6.7,,25.9,25.9,0,0
7,28,2019,2019-07-28,209,23.9,23.9,34.4,61,42,2.9,18.7,25,8.5,,118.5,118.5,0,0
7,27,2019,2019-07-27,208,23.9,24.4,36.1,85,44,4,18.4,26,7.2,,31,31,0,0
7,26,2019,2019-07-26,207,24.1,21.6,34.4,89,55,3.6,20.6,30,8.9,,29.6,29.6,0,0
7,25,2019,2019-07-25,206,23.5,22.3,35,69,43,5,21.7,26,7.2,,39.6,39.6,0,0
7,24,2019,2019-07-24,205,24.5,21.8,34.7,83,37,5,20,22,8.5,,49.3,49.3,0,0
7,23,2019,2019-07-23,204,26.1,22.8,35,69,43,5.6,17.8,26,8.6,,39,39,0,0
7,22,2019,2019-07-22,203,24.6,22.8,35.6,80,40,1.9,17.2,18,7.9,,33.6,33.6,0,0
7,21,2019,2019-07-21,202,24.4,26,37.9,59,42,3.5,19.3,24,5.6,,24.5,24.5,0,0
7,20,2019,2019-07-20,201,24.7,22.2,35.8,71,43,2.8,20.6,27,6.1,,51.2,51.2,0,0
7,19,2019,2019-07-19,200,25.1,22.3,35.6,104,85,3.9,17.2,30,7.8,,37.2,37.2,0,0
7,18,2019,2019-07-18,199,26,23.7,34.4,63,48,2.8,21.1,22,7.8,,54.5,54.5,0,0
7,17,2019,2019-07-17,198,24.1,24.1,36.8,98,61,2.9,21.1,22,6.1,,67,67,0,0
7,16,2019,2019-07-16,197,23.9,23.8,34.7,63,37,5.6,21.1,27,7.2,,25.9,25.9,0,0
7,15,2019,2019-07-15,196,26.6,22.3,35.7,74,59,3.5,17.2,27,6.7,,40.5,40.5,0,0
7,14,2019,2019-07-14,195,26.4,23.6,36.8,85,48,0.1,16.1,24,7.8,,32.5,32.5,0,0
7,13,2019,2019-07-13,194,24.6,23.6,36,80,61,3.6,21.1,27,8.9,,43.9,43.9,0,0
7,12,2019,2019-07-12,193,24.1,23.2,34.7,82,43,2.7,17.2,24,7.8,,54.9,54.9,0,0
7,11,2019,2019-07-11,192,24.1,22.5,35.5,70,44,3.5,18.3,26,5,,22.4,22.4,0,0
7,10,2019,2019-07-10,191,22.9,21.8,36,71,46,0.8,20.6,20,8.9,,33.4,33.4,0,0
7,9,2019,2019-07-09,190,23.3,22.3,36.4,91,48,3.9,19.7,27,7.8,,31.5,31.5,0,0
7,8,2019,2019-07-08,189,23.7,23.6,36.9,82,39,-1.1,17.2,21,7.1,,126,126,0,0
7,7,2019,2019-07-07,188,23.7,23,37.6,61,48,2.8,16.4,21,7.8,,28,28,0,0
7,6,2019,2019-07-06,187,24.1,23.3,36.3,68,48,2.8,18.3,23,5.6,,25.4,25.4,0,0
7,5,2019,2019-07-05,186,24.2,25.7,35,98,56,-1.1,17.8,18,5.6,,32.8,32.8,0,0
7,4,2019,2019-07-04,185,25.3,25,36.3,84,45,0.6,17.2,20,5,,32.8,32.8,0,0
7,3,2019,2019-07-03,184,24.3,23.2,35.6,72,46,1.7,16.1,21,6.7,,33,33,0,0
7,2,2019,2019-07-02,183,23.6,24,35.3,65,43,0.4,19.4,21,5.6,,31.3,31.3,0,0
7,1,2019,2019-07-01,182,23.9,23.8,35.6,135,56,1.5,18.3,25,6.7,,33,33,0,0
6,30,2019,2019-06-30,181,25,21.9,35.4,80,56,0.2,18.6,20,7.8,,26,26,0,0
6,29,2019,2019-06-29,180,23.3,24.4,33.3,93,61,1.2,17.5,25,5,,26,26,0,0
6,28,2019,2019-06-28,179,23.3,22.3,34.4,61,48,1.3,15.6,29,7.2,,43.9,43.9,0,0
6,27,2019,2019-06-27,178,23.9,21.7,35,82,55,-2.2,18.5,19,7.8,,53.2,53.2,0,0
6,26,2019,2019-06-26,177,24.4,23.9,36.1,76,48,1.7,18.3,24,5.6,,17.8,17.8,0,0
6,25,2019,2019-06-25,176,23.9,21.7,36.7,76,48,-1.2,17.2,19,6.1,,33.5,33.5,0,0
6,24,2019,2019-06-24,175,23.7,21.7,35.6,68,45,0.3,13.9,26,7.1,,27.2,27.2,0,0
6,23,2019,2019-06-23,174,22.8,21.1,32.8,74,48,-1.4,13.4,23,4.6,,36.2,36.2,0,0
6,22,2019,2019-06-22,173,22.2,19.7,33,69,56,-1,13.9,22,4.4,,40.4,40.4,0,0
6,21,2019,2019-06-21,172,23.9,21.1,34.4,72,48,1.1,10.7,21,3.3,,39.3,39.3,0,0
6,20,2019,2019-06-20,171,25.6,24.4,34.6,102,63,-0.6,10,29,3.3,,26,26,0,0
6,19,2019,2019-06-19,170,22.8,21.9,35.5,82,50,1,15.6,28,4.4,,33.5,33.5,0,0
6,18,2019,2019-06-18,169,22.8,21.5,36.2,70,44,-1.1,13.9,22,2.8,,25.4,25.4,0,0
6,17,2019,2019-06-17,168,24.4,21.3,33.9,85,44,1.1,14.4,22,2.3,,27.4,27.4,0,0
6,16,2019,2019-06-16,167,25,19.4,32.7,92,58,-1.7,16.3,24,2.8,,24.4,24.4,0,0
6,15,2019,2019-06-15,166,25.1,22.2,33.6,98,46,-3.7,15.6,23,5.4,,22.9,22.9,0,0
6,14,2019,2019-06-14,165,22.5,20,34.9,78,43,-7.1,14.4,16,4.4,,18,18,0,0
6,13,2019,2019-06-13,164,22.7,22.2,33.9,87,49,-0.9,13.7,25,4.4,,53.8,53.8,0,0
6,12,2019,2019-06-12,163,22.4,23.5,33.1,72,48,-1.1,13.3,25,2.7,,21.1,21.1,0,0
6,11,2019,2019-06-11,162,22.3,21.6,33.3,65,46,-2.2,13.5,23,0.6,,24.2,24.2,0,0
6,10,2019,2019-06-10,161,23.7,21.7,32.8,71,43,-2.6,11.7,24,1.7,,29.7,29.7,0,0
6,9,2019,2019-06-09,160,22.4,19.4,34.1,72,54,-2.1,12.8,28,2,,31.5,31.5,0,0
6,8,2019,2019-06-08,159,22.3,20.5,33.4,96,54,-4,14.3,17,0.6,,20.8,20.8,0,0
6,7,2019,2019-06-07,158,22.1,22.8,33.6,76,56,-4.9,13.9,14,2.2,,37.8,37.8,0,0
6,6,2019,2019-06-06,157,22.8,20.4,33,87,46,-6.1,14.7,24,3.3,,33.8,33.8,0,0
6,5,2019,2019-06-05,156,20.6,17.2,30,66,46,-2.8,12.2,23,0.6,,23.4,23.4,0,0
6,4,2019,2019-06-04,155,18.9,18.3,31.7,69,45,-1.1,10,22,1.1,,18,18,0,0
6,3,2019,2019-06-03,154,20.5,18.9,31.7,107,44,-2.2,10.6,22,1.4,,11.4,11.4,0,0
6,2,2019,2019-06-02,153,20.4,18.2,30.2,68,47,-2.6,9.4,21,1.7,,33.2,33.2,0,0
6,1,2019,2019-06-01,152,21,18.5,28.3,72,59,-2.2,9.4,28,1.1,,40.6,40.6,0,0
5,31,2019,2019-05-31,151,21.2,20.3,31.1,89,59,-4.3,11.1,24,1.6,,92.7,92.7,0,0
5,30,2019,2019-05-30,150,22.5,22.2,33,80,40,-3.8,10.8,25,0.6,,43.2,43.2,0,0
5,29,2019,2019-05-29,149,22.5,20.4,34.1,65,56,-3.8,10,22,1.7,,21.2,21.2,0,0
5,28,2019,2019-05-28,148,22.3,20,32.5,76,51,-2,11.1,25,-0.6,,35.6,35.6,0,0
5,27,2019,2019-05-27,147,21.3,17.3,31.7,74,48,-5,12.2,24,0.6,,17,17,0,0
5,26,2019,2019-05-26,146,20,18.2,31.7,69,45,-5.6,8.3,25,-0.6,-5,24.2,24.2,0,0
5,25,2019,2019-05-25,145,20.2,19.4,31.3,71,48,-7.2,10.9,18,-1.7,-4,44.6,44.6,0.5,0
5,24,2019,2019-05-24,144,20.6,16.6,31,79,59,-7.8,11.1,21,-1.7,-4,30.7,30.7,0,0
5,23,2019,2019-05-23,143,21.1,17.2,31.7,80,47,-7.8,8.3,17,-0.6,-3,25.7,25.7,0,0
5,22,2019,2019-05-22,142,20,16.1,31.1,74,58,-5.6,9.4,25,0.6,,36.3,36.3,0,0
5,21,2019,2019-05-21,141,20,16.7,32.2,71,52,-5.6,10.4,13,-0.6,-5,23.4,23.4,0,0
5,20,2019,2019-05-20,140,20.7,16.1,32.2,76,48,-7.4,8.6,19,-0.1,-5,32.4,32.4,0,0
5,19,2019,2019-05-19,139,19.9,18.3,32.2,89,61,-6.5,8.3,20,-1.1,-3,22.6,22.6,0,0
5,18,2019,2019-05-18,138,20.5,18.3,33.9,79,51,-7.4,7.9,19,-1,-4,37.1,37.1,0,0
5,17,2019,2019-05-17,137,19.4,17.2,34.4,93,50,-10.6,8.3,20,-1.6,-5,22.4,22.4,0,0
5,16,2019,2019-05-16,136,18.5,15.8,34.4,77,58,-7.2,5,22,-0.6,-4,53.1,53.1,0,0
5,15,2019,2019-05-15,135,22.8,14.8,33.3,74,57,-6.7,6.7,24,0.4,,50.3,50.3,0.3,0
5,14,2019,2019-05-14,134,19.4,15.2,30,93,69,-7.7,10.6,20,-1.1,,27.2,27.2,0,0
5,13,2019,2019-05-13,133,19.6,13.8,29.2,69,56,-7.5,7.5,20,-1.7,-5,19.8,19.8,0,0
5,12,2019,2019-05-12,132,19.4,13.8,29.2,76,50,-11.2,5.6,18,-2.2,-3,59.4,59.4,0.5,0
5,11,2019,2019-05-11,131,18.3,14.2,29.6,80,68,-10.6,5.6,16,-4.4,-8,42.7,42.7,0,0
5,10,2019,2019-05-10,130,19.4,16.1,29.4,80,70,-11.1,5,16,-3.9,-7,20.6,20.6,0,0
5,9,2019,2019-05-09,129,18.9,14.8,30.1,97,71,-12.2,6.1,16,-2.2,-6,20.1,20.1,0,0
5,8,2019,2019-05-08,128,18.7,18.4,27.7,87,65,-10.3,5,19,-3.3,-6,22.4,22.4,0,0
5,7,2019,2019-05-07,127,17.2,19.5,29.4,76,59,-11.7,4.4,20,-5.6,-7,26,26,2.3,0
5,6,2019,2019-05-06,126,17.3,16.2,32.8,69,48,-9.4,6.1,16,-3.9,-8,36.6,36.6,0,0
5,5,2019,2019-05-05,125,16.8,16.7,30.6,98,60,-10.6,7.8,16,-3.9,-7,22.2,22.2,0,0
5,4,2019,2019-05-04,124,17.8,12.8,32.2,119,68,-8.3,6.7,20,-2.8,-6,20.2,20.2,0,0
5,3,2019,2019-05-03,123,17.4,16.1,30.6,67,46,-16.3,6.7,10,-3,-8,23,23,0,0
5,2,2019,2019-05-02,122,18.6,17.5,29.8,109,54,-9.1,6.1,22,-2.8,-7,42.6,42.6,0,0
5,1,2019,2019-05-01,121,18.3,12.5,27.8,85,59,-10.6,7.2,19,-2.6,-9,19.6,19.6,0,0
4,30,2019,2019-04-30,120,14.9,12.8,26.7,100,65,-10.2,6.8,14,-5.3,-9,23.4,23.4,1.8,0
4,29,2019,2019-04-29,119,16.1,11.7,26.1,80,56,-13,5.6,15,-3.3,-6,27.6,27.6,0.4,0
4,28,2019,2019-04-28,118,16.1,12.9,28.3,95,82,-14.7,5.1,18,-4.4,-7,28.7,28.7,0.6,0
4,27,2019,2019-04-27,117,17.2,16.5,30.3,105,52,-11.1,2.8,21,-3.3,-9,21.3,21.3,1.3,0
4,26,2019,2019-04-26,116,15.6,17.5,30.4,78,56,-12.8,3.3,20,-3.9,-9,20.6,20.1,7.4,10
4,25,2019,2019-04-25,115,19.7,11.7,31.1,115,54,-12.8,5,22,-5.6,-7,26.7,22.9,7.9,0
4,24,2019,2019-04-24,114,17.2,11,28.3,98,72,-11,5,20,-3.9,-8,19.1,19.1,0.3,0
4,23,2019,2019-04-23,113,16.1,11.6,27.2,95,57,-15.2,3.2,19,-5,-9,22.8,22.8,6.9,0
4,22,2019,2019-04-22,112,16.9,13.7,30.3,80,58,-13.2,1.4,19,-4.7,-10,20.2,20.2,2.4,1
4,21,2019,2019-04-21,111,15.9,13.3,29.2,83,49,-13.3,4.4,20,-6.9,-11,34.2,34.2,6.9,0
4,20,2019,2019-04-20,110,17.2,11.1,26.7,93,59,-14.5,2.2,13,-5.4,-11,38.8,38.8,2.2,1
4,19,2019,2019-04-19,109,15.5,10,27.5,103,74,-11.7,3.3,19,-3.9,-9,22.6,22.6,0.2,1
4,18,2019,2019-04-18,108,17.3,14.2,28.3,89,53,-12.9,2.3,15,-11.1,-16,35.8,35.8,4.8,5
4,17,2019,2019-04-17,107,18.9,16.3,28.5,78,52,-13.6,1.1,19,-11.1,-16,29.7,29.7,9.4,3
4,16,2019,2019-04-16,106,19.4,13.3,29.6,80,61,-12.9,0.9,16,-6.9,-14,38.8,38.8,5.1,4
4,15,2019,2019-04-15,105,17.2,13.9,27.5,80,56,-14.8,0.6,19,-7.8,-13,30,30,10.2,4
4,14,2019,2019-04-14,104,14.4,15,23.9,96,65,-16.1,-1.7,14,-7.8,-12,35.8,32.5,4.2,1
4,13,2019,2019-04-13,103,14.1,10,27.1,98,59,-12.1,-2.8,17,-8.9,-11,18.6,18.6,9.1,3
4,12,2019,2019-04-12,102,12.8,11.2,25.8,96,76,-14.6,-2.8,22,-14.3,-13,41.7,41.7,2.2,4
4,11,2019,2019-04-11,101,15.6,8.1,26.8,85,63,-13.9,1.7,23,-7.2,-16,55.8,55.8,6.6,4
4,10,2019,2019-04-10,100,14.5,10.2,23.3,85,76,-12.7,0,22,-7.5,-13,26.7,19,26.7,12
4,9,2019,2019-04-09,99,15.2,7.4,21.1,74,56,-16.9,-0.7,21,-9.4,-17,20.3,20.3,4.1,12
4,8,2019,2019-04-08,98,17.6,15.1,25.2,85,67,-16.7,-3.3,24,-13.3,-22,34.6,34.6,12.9,10
4,7,2019,2019-04-07,97,14,15.6,27.6,87,57,-20,-5,18,-17.2,-25,15.2,14.4,14,12
4,6,2019,2019-04-06,96,13.3,10.3,22.5,111,81,-15.6,-4,23,-11.7,-20,28.2,27.8,10.4,13
4,5,2019,2019-04-05,95,10.9,9.9,23.1,96,58,-17.8,-2.1,24,-9.4,-20,22.1,22.1,2,13
4,4,2019,2019-04-04,94,13.9,12,23.1,103,77,-19.4,-4.4,21,-11.7,-19,18,18,7.5,13
4,3,2019,2019-04-03,93,14.4,7.2,22.2,85,60,-21.1,-3.3,26,-12.2,-21,40.2,40.2,17.5,10
4,2,2019,2019-04-02,92,15.6,8.9,24.3,90,64,-14.4,0,18,-6.1,-18,29.5,29.5,9.6,11
4,1,2019,2019-04-01,91,13.9,9.5,25.8,83,70,-15.6,-0.6,23,-8.3,-14,18.8,18.8,13,12
3,31,2019,2019-03-31,90,13.8,8.1,25.4,87,56,-17.5,-2.2,17,-10.6,-16,25.7,25.7,12.4,6
3,30,2019,2019-03-30,89,15.6,9.5,25.3,80,52,-15.6,-3.9,21,-12.2,-18,33.4,30.2,8.4,3
3,29,2019,2019-03-29,88,11.1,11.1,24.4,77,52,-17.9,-4.4,16,-13.3,-17,22.6,22.6,7.6,15
3,28,2019,2019-03-28,87,15.5,12.6,25.6,93,59,-19.2,-1.7,17,-11.1,-20,12.1,12.1,3.3,23
3,27,2019,2019-03-27,86,13.8,11.1,22.6,101,61,-18.9,-6.5,25,-11.4,-23,40.8,40.8,4.3,23
3,26,2019,2019-03-26,85,13.7,9,20.3,85,64,-19.1,-4.2,19,-15.6,-23,13.5,12.4,13.5,10
3,25,2019,2019-03-25,84,11.7,7.2,20.9,80,60,-21.1,-7.2,18,-15.8,-24,21.6,21.6,10.7,10
3,24,2019,2019-03-24,83,10.4,6.5,18.3,77,56,-20,-6.7,21,-17.8,-24,15,14.7,2.4,12
3,23,2019,2019-03-23,82,13.1,11.9,19,84,56,-21,-10,24,-18.9,-20,13.2,13.2,12.6,15
3,22,2019,2019-03-22,81,15.2,10.3,26,100,76,-22.2,-6.7,25,-16.7,-27,14.5,14.5,4.8,17
3,21,2019,2019-03-21,80,14.4,10,23.3,89,59,-21.3,-6.1,18,-16.1,-22,30.8,29.8,15.2,11
3,20,2019,2019-03-20,79,13.9,8.8,21.9,71,61,-18.8,-9.2,31,-20,-26,14.2,12.2,11.4,10
3,19,2019,2019-03-19,78,13.9,9.3,22.8,96,63,-23.5,-5.6,18,-20,-20,19.3,19.3,10.4,15
3,18,2019,2019-03-18,77,11.7,7.2,19.9,78,56,-26.1,-9.4,21,-22.8,-33,18.8,18.8,6.4,18
3,17,2019,2019-03-17,76,11.3,5.6,19.4,90,61,-22.1,-8.9,20,-19.4,-29,39.6,31.8,16.3,18
3,16,2019,2019-03-16,75,12.1,6.7,19.3,97,64,-24,-8.4,18,-17.2,-23,41.7,41.7,14.2,18
3,15,2019,2019-03-15,74,12.2,6.2,20.9,122,97,-20.3,-6.1,31,-16.5,-24,18.5,18.5,3,23
3,14,2019,2019-03-14,73,12.2,7.1,20.1,89,67,-20.3,-11,24,-17.4,-31,23.6,20.6,16.5,25
3,13,2019,2019-03-13,72,14.7,4.1,21.4,85,57,-23,-7.1,23,-18.3,-29,21.6,21.4,8.6,28
3,12,2019,2019-03-12,71,12.6,5.1,17.1,81,69,-23.8,-8.9,28,-21.7,-27,21.6,21.6,26.4,25
3,11,2019,2019-03-11,70,10.6,5.1,17.7,119,90,-22.2,-9.4,34,-18.6,-26,21.3,21.3,8.1,26
3,10,2019,2019-03-10,69,11,2.9,15.5,96,69,-22.9,-11.1,31,-16.7,-26,30.5,24.6,32.3,28
3,9,2019,2019-03-09,68,11.3,4.6,21.4,93,57,-24.7,-8.7,35,-25.6,-28,16.8,16.8,10.4,30
3,8,2019,2019-03-08,67,13.1,3.9,21.8,97,64,-24.6,-11.1,31,-23.2,-31,28.7,21.1,17.8,20
3,7,2019,2019-03-07,66,11.8,5,16.7,93,61,-28.9,-12.4,22,-20.8,-31,23.6,23.6,16,28
3,6,2019,2019-03-06,65,9.2,2.4,18.9,87,56,-31,-12.3,29,-27.8,-34,29.5,29.5,16.5,23
3,5,2019,2019-03-05,64,12.2,3,18.5,124,80,-23,-10,32,-25,-29,21.6,18.4,14.4,26
3,4,2019,2019-03-04,63,10.6,3,13.3,95,68,-23.3,-11.7,29,-28.9,-26,31.4,29.5,24.4,27
3,3,2019,2019-03-03,62,11.1,3.9,16.1,85,58,-32,-15,28,-24.7,-36,27.2,27.2,13.7,27
3,2,2019,2019-03-02,61,11.3,3.7,15.5,80,59,-24,-12.2,37,-23,-31,31.5,8.4,11.9,26
3,1,2019,2019-03-01,60,10.7,2.2,14,84,61,-23.7,-12.4,37,-20.5,-29,26.9,20.6,9.4,25
2,28,2019,2019-02-28,59,7,1.8,16.2,89,53,-24.6,-9.7,34,-22.8,-29,25.4,12.7,15.2,30
2,27,2019,2019-02-27,58,10.1,4,14.8,96,67,-23.5,-10,27,-25.6,-29,21,11.2,18.4,30
2,26,2019,2019-02-26,57,8.5,1.7,11.1,90,68,-25,-10.6,34,-22.8,-28,16.6,10.4,10.6,36
2,25,2019,2019-02-25,56,9.2,3.6,14.5,105,72,-27.2,-12.2,37,-23.9,-30,55.9,14,39.9,30
2,24,2019,2019-02-24,55,7.6,3.9,11.7,91,67,-24.8,-9.4,40,-20.1,-30,31.8,31.8,15.5,30
2,23,2019,2019-02-23,54,11.7,4.4,17.7,97,64,-27,-15.2,38,-21.6,-33,22.3,22.3,15.7,24
2,22,2019,2019-02-22,53,8.6,3.1,11.8,87,61,-27.8,-12.2,19,-20,-31,31,31,11.4,25
2,21,2019,2019-02-21,52,10.9,3.3,14.6,83,74,-24.9,-13.3,31,-20,-30,28.4,24.9,24.9,20
2,20,2019,2019-02-20,51,14.4,3.6,16.5,82,61,-28.1,-16.1,37,-25.6,-35,15,12.2,8.9,23
2,19,2019,2019-02-19,50,8.3,3.8,12.5,97,66,-27.9,-14.6,38,-28.3,-34,37.1,23.9,13.2,23
2,18,2019,2019-02-18,49,9.1,4.5,11.9,96,65,-29.8,-10.5,35,-27.7,-36,14.2,14.2,8.2,23
2,17,2019,2019-02-17,48,5.7,2.6,11.3,91,77,-31.4,-19.2,25,-26.8,-38,27.2,25.4,11.2,45
2,16,2019,2019-02-16,47,4.7,1.4,7.9,89,56,-29,-14.8,30,-24.4,-35,19.8,13,19.8,48
2,15,2019,2019-02-15,46,10,4.4,12.2,74,56,-31.4,-19.1,30,-31.1,-41,21.2,16,14,48
2,14,2019,2019-02-14,45,7.6,0.6,8,78,59,-30.3,-15,39,-24,-34,21.3,21.3,21.1,48
2,13,2019,2019-02-13,44,7.1,0.6,11.6,80,51,-31.6,-16.9,39,-26.3,-40,25.1,23.4,12.7,48
2,12,2019,2019-02-12,43,9.9,1.7,13.2,87,65,-29.4,-15.6,39,-26.7,-39,25.4,16,18.2,38
2,11,2019,2019-02-11,42,7.8,6.5,8.9,83,59,-29.8,-15.7,39,-27.2,-35,25.8,25.8,17.3,39
2,10,2019,2019-02-10,41,8.3,0.6,10.6,80,65,-28.2,-15.2,39,-27.8,-35,26.4,26.4,10.2,40
2,9,2019,2019-02-09,40,8.1,1.1,10.6,93,65,-27.6,-14.9,37,-26.1,-36,20.2,20.2,6.8,42
2,8,2019,2019-02-08,39,4.1,1.8,9,93,65,-28.3,-14.4,40,-23.3,-38,40.4,12.6,27.2,41
2,7,2019,2019-02-07,38,3.3,1.1,7.9,80,58,-30,-14.4,41,-23.3,-37,18.5,15.4,18.5,43
2,6,2019,2019-02-06,37,3.3,1.7,9.4,76,57,-28.3,-18.9,43,-25,-39,31.4,14.8,30.4,43
2,5,2019,2019-02-05,36,7.9,1.8,9.6,90,60,-25.3,-12.6,44,-25.6,-34,25.1,25.1,14.9,37
2,4,2019,2019-02-04,35,7.9,5.6,12.7,79,65,-29.4,-13.9,41,-24.4,-34,22.4,19.4,11.4,37
2,3,2019,2019-02-03,34,10,1.7,16,79,56,-27.8,-13.9,38,-25,-34,21.3,18,17.5,38
2,2,2019,2019-02-02,33,6.1,1.7,7.2,76,50,-30.6,-16.7,38,-25,-38,17.3,17.3,12.8,41
2,1,2019,2019-02-01,32,7.9,1.1,10,91,70,-26.7,-15,39,-23.3,-35,26.9,26.9,16.4,44
1,31,2019,2019-01-31,31,8.9,8,14,100,74,-28.4,-14.4,29,-25.6,-38,17.6,5.8,16.4,46
1,30,2019,2019-01-30,30,12.2,5.5,14,93,63,-28.3,-15.6,28,-26.1,-37,18.8,12.6,18.8,46
1,29,2019,2019-01-29,29,7.5,2.9,8.9,100,68,-25,-15,36,-23.3,-34,16,15.8,16,46
1,28,2019,2019-01-28,28,4.4,1.7,11.2,83,59,-25.6,-12.5,28,-22.8,-34,19.6,14.8,26.4,46
1,27,2019,2019-01-27,27,6.7,3.3,11.2,109,65,-27.8,-14.6,16,-22.9,-35,19,17.2,14,43
1,26,2019,2019-01-26,26,6.7,3.9,12.8,115,70,-29.7,-16.5,42,-29.4,-38,18.4,16.3,17.6,41
1,25,2019,2019-01-25,25,8.9,1.1,16.7,97,72,-28.9,-16.7,38,-28.3,-34,15.5,13.7,7.8,43
1,24,2019,2019-01-24,24,7.2,1.7,7.7,76,55,-28.3,-15.6,46,-27.8,-39,22.4,18.2,9.4,43
1,23,2019,2019-01-23,23,8.9,2.4,11.7,78,56,-33.9,-15.6,42,-31.1,-39,32.5,14.4,36.8,36
1,22,2019,2019-01-22,22,8.3,3.3,12.2,101,77,-28.9,-15.2,37,-28.3,-37,24.4,18,9.6,38
1,21,2019,2019-01-21,21,7.8,2,9.4,93,66,-28.7,-17.8,46,-25.6,-39,12.2,9.6,8.9,38
1,20,2019,2019-01-20,20,7.4,3.5,11.4,96,64,-27.9,-14.2,38,-23.3,-36,33.6,33.6,12.2,38
1,19,2019,2019-01-19,19,8.8,2,10.3,76,46,-28.9,-18.8,45,-25,-39,19.8,14,13,38
1,18,2019,2019-01-18,18,8.4,3.9,12,83,56,-31.7,-16.8,40,-30,-39,17.3,17.3,9.4,40
1,17,2019,2019-01-17,17,8.4,4.1,10,79,56,-30.9,-19.2,37,-25.6,-39,18.6,18.6,7.6,55
1,16,2019,2019-01-16,16,8.3,1.7,11.1,82,57,-36.1,-17.8,37,-31,-37,13.4,13.4,10.9,67
1,15,2019,2019-01-15,15,9.8,1.5,10.6,93,58,-33.4,-21,37,-28.4,-40,43.4,43.4,11.2,67
1,14,2019,2019-01-14,14,10.8,1.3,12.9,83,61,-30.8,-16.7,41,-25.6,-38,49.8,29,20.8,48
1,13,2019,2019-01-13,13,12.7,4.3,17.6,76,54,-31.3,-13.3,37,-22.5,-35,29.8,29.8,15,48
1,12,2019,2019-01-12,12,11.5,4.6,14.8,89,61,-30.7,-12.8,34,-26.4,-36,22.6,22.6,12.2,36
1,11,2019,2019-01-11,11,9.7,4.5,12.6,102,80,-30.1,-19.8,34,-26.7,-37,25,25,9.8,31
1,10,2019,2019-01-10,10,5.8,2.8,9.4,85,66,-30.7,-16.7,30,-26.7,-37,19,18.2,18.7,31
1,9,2019,2019-01-09,9,10.9,2.8,11.6,107,61,-29.9,-17.4,45,-27.2,-34,58.7,58.7,12.6,30
1,8,2019,2019-01-08,8,11.7,11.3,15.5,80,67,-28.3,-18.9,36,-26.1,-37,19.2,15.8,11.2,21
1,7,2019,2019-01-07,7,11.4,6.9,14.9,82,57,-28.6,-17.3,47,-26.1,-39,21.6,21.6,10.4,23
1,6,2019,2019-01-06,6,9.3,3.6,13.9,87,63,-28,-16.4,37,-26.1,-32,17.8,7.1,17.8,20
1,5,2019,2019-01-05,5,9.7,7.4,11.1,81,58,-26.7,-15,30,-23,-37,16.5,12.2,16.5,20
1,4,2019,2019-01-04,4,9.7,7.3,12,89,59,-34.2,-14.1,40,-31.3,-45,17.7,17.7,8.9,20
1,3,2019,2019-01-03,3,11.6,4.8,13.9,72,52,-30.3,-19.7,38,-26,-35,27.9,15.8,27.9,21
1,2,2019,2019-01-02,2,9.4,1.1,12.2,70,50,-26.1,-15.2,40,-21.2,-32,16.4,16.4,16.3,25
1,1,2019,2019-01-01,1,11.8,1.7,12,85,58,-25.7,-10.6,36,-21.3,-33,30.7,12.2,17.8,18
12,31,2018,2018-12-31,365,11.7,4.4,13.9,71,56,-27.2,-14.5,45,-23.3,-36,22.7,22.7,13,20
12,30,2018,2018-12-30,364,6.6,3.3,7.2,72,59,-26.7,-11.7,38,-22.8,-35,17.8,12.2,19.6,23
12,29,2018,2018-12-29,363,13.3,6,14.6,85,59,-20.8,-10,47,-20.6,-26,32.5,32.5,7,25
12,28,2018,2018-12-28,362,13.2,2.7,17.2,104,76,-26.4,-12.5,49,-22.5,-30,27.7,11.8,16.3,25
12,27,2018,2018-12-27,361,10.6,2.5,14.2,74,50,-23.8,-11.3,47,-22.8,-29,38.4,38.4,10.9,25
12,26,2018,2018-12-26,360,9.1,1.7,9.8,82,56,-27.4,-13.2,42,-21.3,-30,19.8,19.8,12.4,30
12,25,2018,2018-12-25,359,13.5,2.8,15.7,80,61,-32.1,-12.8,42,-27.6,-38,35,35,10.4,31
12,24,2018,2018-12-24,358,11.4,5.5,15.4,93,66,-30.1,-13.1,33,-25.9,-37,22.8,22.8,8.8,36
12,23,2018,2018-12-23,357,11,4.5,13.2,82,60,-23.9,-13.9,47,-24.1,-30,20.2,20.2,15,23
12,22,2018,2018-12-22,356,11.7,4.5,14.4,74,54,-30.1,-16.5,51,-25,-36,22.9,22.9,10.9,28
12,21,2018,2018-12-21,355,13.3,5,15.6,70,56,-25.6,-13.3,43,-23.9,-31,29.5,29.5,5.4,28
12,20,2018,2018-12-20,354,11.7,5,12.2,70,51,-31.6,-17.8,37,-31.1,-37,20.3,16,20.8,23
12,19,2018,2018-12-19,353,7.8,3.9,13.3,84,50,-29.1,-11.2,20,-24.4,-35,15.7,8.9,18.6,25
12,18,2018,2018-12-18,352,6.1,2.3,8.3,64,44,-22.2,-12.8,47,-20,-29,17.8,13.2,18,21
12,17,2018,2018-12-17,351,9.7,5.1,13.8,83,67,-23.9,-10.6,44,-22.1,-34,23,23,14,23
12,16,2018,2018-12-16,350,8.6,2.5,15.4,83,56,-23.3,-12.8,47,-23.3,-27,17.1,12.2,16.8,28
12,15,2018,2018-12-15,349,11.7,3.3,14.4,82,58,-21.1,-8.9,38,-20.6,-31,25.4,25.4,14,30
12,14,2018,2018-12-14,348,11.3,6,15,84,58,-20.8,-11.1,31,-18.3,-26,20.4,16.8,20.3,30
12,13,2018,2018-12-13,347,10.9,6.2,13.3,95,69,-23.3,-8.9,43,-20.6,-32,9.9,4.3,9.7,30
12,12,2018,2018-12-12,346,9.6,4.4,18.9,82,57,-23.9,-13.9,42,-20,-32,35.1,29,15.2,28
12,11,2018,2018-12-11,345,10,6.2,14,87,53,-28.8,-13.6,37,-27.2,-34,28.2,10.2,28.2,26
12,10,2018,2018-12-10,344,10.6,7.2,16.1,77,61,-25.5,-13.1,33,-24.9,-26,32.5,32.5,13,28
12,9,2018,2018-12-09,343,12.2,7.2,13.9,90,56,-22.2,-9.4,36,-17.8,-28,26.2,18.8,11.6,33
12,8,2018,2018-12-08,342,14.4,12.8,17.2,74,56,-23.9,-9.4,44,-20.6,-28,16.7,8.6,17.9,13
12,7,2018,2018-12-07,341,13.6,7.8,17.6,80,58,-22.2,-10,36,-18.9,-28,16,12.4,7.9,14
12,6,2018,2018-12-06,340,15.3,7.2,18.3,80,55,-17.8,-6.7,37,-21.1,-23,40.9,40.9,10.2,14
12,5,2018,2018-12-05,339,11.1,9.8,18.3,93,68,-16.4,-7.3,37,-15.6,-20,12.4,11.6,12.4,13
12,4,2018,2018-12-04,338,14,8.1,16.7,79,56,-22.9,-7.9,33,-25,-26,19.8,19.8,7.1,10
12,3,2018,2018-12-03,337,15.6,7.8,20,85,70,-22.8,-11.1,43,-24.4,-27,30.2,15.2,15.6,9
12,2,2018,2018-12-02,336,12.3,7.2,14.5,94,67,-24.4,-8.9,36,-22.8,-28,26.6,23.6,9.2,11
12,1,2018,2018-12-01,335,11.1,6.3,15.6,109,69,-17.6,-6.7,41,-17.8,-21,28.2,28.2,5.3,10
11,30,2018,2018-11-30,334,14,7,18.8,83,61,-20.6,-6.1,41,-15,-25,33.5,17.6,33.5,10
11,29,2018,2018-11-29,333,14.1,6,16.8,76,56,-17.8,-5.6,42,-13.3,-25,48.8,48.8,11.4,16
11,28,2018,2018-11-28,332,13,5.5,18.8,93,50,-16.1,-5.6,32,-11.7,-21,36.8,36.8,13.6,8
11,27,2018,2018-11-27,331,14.8,10,19.2,80,58,-14.6,-6.1,46,-12.2,-17,17.2,17.2,10.1,6
11,26,2018,2018-11-26,330,13.2,8.1,16.1,96,63,-13.6,-5,37,-18.3,-18,25.4,25.4,16.5,6
11,25,2018,2018-11-25,329,11.9,8.3,16.3,82,58,-16.1,-2.8,38,-13.3,-23,46,41.4,5.1,7
11,24,2018,2018-11-24,328,12.9,8.9,18.3,102,67,-15.7,-5.1,35,-12.8,-22,30.5,17.6,30.5,6
11,23,2018,2018-11-23,327,15,10.5,17.5,97,72,-18.8,-5.6,34,-12.2,-20,20.1,20.1,4,8
11,22,2018,2018-11-22,326,13,8.5,15.9,79,52,-20.6,-5.9,33,-13.3,-22,17.5,17.5,7.6,9
11,21,2018,2018-11-21,325,13.3,8.3,17.2,116,71,-20.9,-7.3,32,-13,-22,35.8,35.8,2.8,12
11,20,2018,2018-11-20,324,14.1,12.8,19,93,59,-17.3,-2.8,39,-12.3,-19,26.4,26.4,11.8,8
11,19,2018,2018-11-19,323,14.2,9.4,20.6,87,60,-14.3,-2.2,40,-10.8,-18,32.5,32.5,6.2,7
11,18,2018,2018-11-18,322,16.1,8.9,20,89,61,-14.6,-4.8,37,-10.6,-20,19,19,4.2,18
11,17,2018,2018-11-17,321,13,9.2,18.9,122,80,-16.7,-1.7,42,-9.4,-21,14.8,14.8,15,13
11,16,2018,2018-11-16,320,13.2,8.9,16.8,97,80,-12.8,-3.3,34,-11.7,-16,26.6,26.6,5.8,14
11,15,2018,2018-11-15,319,13.9,10.5,19.3,80,56,-17.2,-3.3,32,-13.3,-19,33.8,33.8,9,13
11,14,2018,2018-11-14,318,13.5,9.8,17.4,74,65,-12.9,-3.3,34,-11.7,-17,17.6,17.6,13.2,11
11,13,2018,2018-11-13,317,12.3,8.9,17.2,93,67,-11.9,-3.9,40,-9.6,-14,23.1,23.1,9.1,3
11,12,2018,2018-11-12,316,13,8.3,19.7,93,72,-11.6,-0.4,29,-7.8,-12,32.4,32.4,4.6,3
11,11,2018,2018-11-11,315,13.7,7.2,18.4,106,61,-13.5,0.4,29,-8.3,-13,35.6,35.6,3,0
11,10,2018,2018-11-10,314,15.6,12.3,17.8,89,60,-17.6,-3.4,35,-10.1,-19,86.1,86.1,3,0
11,9,2018,2018-11-09,313,14.1,10.5,22.3,93,64,-11.2,1.3,39,-8.4,-13,39.1,39.1,1.5,0
11,8,2018,2018-11-08,312,15,12.2,19.4,90,63,-11.1,-1.1,31,-8,-14,15.5,15.5,0.6,1
11,7,2018,2018-11-07,311,14.4,10,20,71,51,-16.8,-0.2,37,-7.8,-14,29.6,29.6,12.7,0
11,6,2018,2018-11-06,310,15.4,11.7,18.9,89,69,-11.1,0.6,40,-12.8,-13,34,22.4,13.2,0
11,5,2018,2018-11-05,309,15,11.4,20.4,78,57,-10,-2.8,34,-9.4,-12,25.1,25.1,0.5,2
11,4,2018,2018-11-04,308,14.9,11.2,20.1,76,56,-10.8,-1.1,32,-7,-12,25.4,25.4,3.8,0
11,3,2018,2018-11-03,307,15.6,11.7,25,90,64,-13.1,0,28,-6.7,-10,24.6,24.6,6.1,0
11,2,2018,2018-11-02,306,16.1,13.3,22,95,59,-8.9,3.3,34,-6.7,-10,52.4,52.4,10.2,3
11,1,2018,2018-11-01,305,15.6,13.9,25,91,58,-7.8,2.6,36,-5.6,-9,29.6,29.6,2.2,0
10,31,2018,2018-10-31,304,15.6,15,22.8,90,61,-10,2.8,37,-7.8,-9,16.2,16.2,1.4,0
10,30,2018,2018-10-30,303,18.6,16.1,21.7,74,56,-8.9,2.2,27,-7.2,-10,17.3,17.3,0,0
10,29,2018,2018-10-29,302,14.5,11.7,21.7,96,65,-9.4,3.9,29,-7.2,-10,32.5,32.5,0,0
10,28,2018,2018-10-28,301,16,9.6,22.2,80,57,-8.2,1.1,27,-6.1,-10,37.4,37.4,1.3,0
10,27,2018,2018-10-27,300,16.6,11.4,22.7,78,56,-9.4,2.8,25,-7.8,-12,29.7,29.7,2,0
10,26,2018,2018-10-26,299,17.1,14.8,25,96,56,-7.8,2.8,32,-6.7,-9,20,19,0.8,0
10,25,2018,2018-10-25,298,16.9,13.7,24.4,91,59,-6.1,3.3,38,-3.9,-8,27,27,7.4,0
10,24,2018,2018-10-24,297,16.6,13.8,23.3,98,67,-7.8,3.9,28,-5.1,-9,11.7,11.7,0.8,5
10,23,2018,2018-10-23,296,14.8,14.3,26.1,71,48,-8.9,1.7,28,-8.3,-14,32,32,0,8
10,22,2018,2018-10-22,295,17.2,15.1,25.1,66,46,-9.4,0,29,-7.2,-12,25.7,25.7,5.3,13
10,21,2018,2018-10-21,294,17.9,15.3,26.3,76,57,-6.7,3.3,30,-5,-8,46,46,7.1,0
10,20,2018,2018-10-20,293,16.4,14.5,23.9,85,54,-9.4,3.3,25,-7.2,-13,16.6,16.6,0.4,0
10,19,2018,2018-10-19,292,17.8,15.3,25,76,57,-8.9,2.4,34,-7.2,-11,34.2,34.2,0.8,0
10,18,2018,2018-10-18,291,17.9,13.3,26.7,79,52,-8.3,4,28,-6.7,-12,26.8,26.8,0.3,0
10,17,2018,2018-10-17,290,18,15.9,27.8,93,61,-7.8,5.9,25,-5,-9,36.2,36.2,0,0
10,16,2018,2018-10-16,289,18.3,17.2,27.2,87,92,-6.6,5.8,20,-4.4,-6,14.7,14.7,0,0
10,15,2018,2018-10-15,288,19.2,12.6,25.6,102,92,-8,4.5,19,-3.3,-5,121.4,121.4,0,0
10,14,2018,2018-10-14,287,17.2,14.5,25.6,104,55,-6,7.2,22,-4.4,-7,31.8,31.8,0,0
10,13,2018,2018-10-13,286,18.9,14.4,25.5,93,57,-8.2,6.2,24,-3.3,-5,36.4,36.4,0,0
10,12,2018,2018-10-12,285,18.9,16.1,27,85,45,-6.8,5.8,30,-1.1,-4,23.6,23.6,0,0
10,11,2018,2018-10-11,284,19.3,16.1,28.9,80,55,-6.7,8,32,-5.6,-8,26.7,26.7,0,0
10,10,2018,2018-10-10,283,18.9,19.1,26.8,85,61,-6.1,3.9,33,-5,-9,13.6,13.6,0.8,0
10,9,2018,2018-10-09,282,21.4,14.8,29,68,48,-4.4,7.2,32,-1.7,-4,39.4,39.4,0.8,0
10,8,2018,2018-10-08,281,20.9,16.8,31.6,89,55,-5.2,6.3,30,-2.2,-5,20.5,20.5,0,0
10,7,2018,2018-10-07,280,20.3,16.8,29.4,102,74,-9.4,7.2,29,-7.2,-11,22.6,22.6,0,0
10,6,2018,2018-10-06,279,20.6,17.8,29.4,76,56,-8.3,8.3,29,-6.7,-7,20.3,20.3,0,0
10,5,2018,2018-10-05,278,17.8,14,30.6,72,50,-6.7,8.3,29,-4.4,-7,64.8,64.8,0,0
10,4,2018,2018-10-04,277,20.5,17.2,27.2,72,63,-5,5.6,31,-3.3,-5,20.1,20.1,0,0
10,3,2018,2018-10-03,276,19.4,15.6,27.1,78,56,-8.3,7.8,24,-5,-10,18.4,18.4,0,0
10,2,2018,2018-10-02,275,20,16.2,28.3,66,48,-6.1,5.6,26,-3.3,-7,27.9,27.9,0,0
10,1,2018,2018-10-01,274,19.2,19.4,29.5,71,45,-3.8,8.9,28,-1.7,-4,30.3,30.3,0,0
9,30,2018,2018-09-30,273,20.6,16.4,27.2,80,44,-6.8,8.3,32,-1,-5,18.5,18.5,0,0
9,29,2018,2018-09-29,272,20.6,18.3,26.7,89,68,-5.1,8.3,34,-1.1,,54.6,54.6,0,0
9,28,2018,2018-09-28,271,20,18.3,29.4,67,52,-3.7,6.7,30,-2.2,,44.2,44.2,0,0
9,27,2018,2018-09-27,270,19,18.9,30.2,71,48,-5.6,8.9,28,-3.9,-8,36.8,36.8,0,0
9,26,2018,2018-09-26,269,20.6,20,31.1,92,69,-3.9,10.6,31,-3.3,-2,28.8,28.8,0,0
9,25,2018,2018-09-25,268,22.2,22.2,33.8,67,43,-1.4,10,31,0,,26.9,26.9,0,0
9,24,2018,2018-09-24,267,20.6,19.4,33.6,76,54,-3.3,6.7,30,-2.2,-5,49.4,49.4,0,0
9,23,2018,2018-09-23,266,23.9,17.7,33.1,72,51,-2.8,11,29,-1.1,-4,22.2,22.2,0,0
9,22,2018,2018-09-22,265,21.7,19.6,31.7,106,77,-5,10,21,-0.6,,41.9,41.9,0,0
9,21,2018,2018-09-21,264,22.2,20.6,32.2,83,64,-3.3,12.2,30,-1.7,-5,31.8,31.8,0,0
9,20,2018,2018-09-20,263,22.3,21.4,30,67,52,-1.7,8.9,22,-0.6,-1,12.7,12.7,0,0
9,19,2018,2018-09-19,262,22.8,18.6,32.2,72,45,-2.4,12.9,32,2.2,,32.4,32.4,0,0
9,18,2018,2018-09-18,261,21.1,20.6,32.2,84,43,0,11.7,34,0,,108,108,0,0
9,17,2018,2018-09-17,260,22.1,20,31.7,85,44,-2.2,11.6,29,-1.1,-2,35.3,35.3,0,0
9,16,2018,2018-09-16,259,22.7,19.6,31.7,89,37,-4.4,11.7,32,-0.6,-3,28.9,28.9,0,0
9,15,2018,2018-09-15,258,22.6,19.8,32.5,64,50,-1.1,10,34,0,-2,54.1,54.1,0,0
9,14,2018,2018-09-14,257,21.6,21.1,30.3,93,56,-0.6,14.4,25,1.1,,57.1,57.1,0,0
9,13,2018,2018-09-13,256,22.8,19.3,35,76,55,-2.2,11.7,28,1.7,,36,36,0,0
9,12,2018,2018-09-12,255,20.7,20,34.4,74,43,-0.6,14.4,30,1.7,,23.1,23.1,0,0
9,11,2018,2018-09-11,254,21.7,21.1,33.9,74,54,-1.3,14.4,24,2.5,,25.1,25.1,0,0
9,10,2018,2018-09-10,253,23.4,20.6,34.8,66,45,-0.7,15.4,32,1.7,,63.1,63.1,0,0
9,9,2018,2018-09-09,252,21.7,23.4,33.9,79,46,1.6,16,30,2.9,,16.8,16.8,0,0
9,8,2018,2018-09-08,251,23.4,22.6,35,61,46,1.1,14.4,28,2.6,,30.2,30.2,0,0
9,7,2018,2018-09-07,250,23.6,22.3,35,72,50,-0.2,12.8,28,4.1,,66.4,66.4,0,0
9,6,2018,2018-09-06,249,23.3,22.1,34.4,89,45,1.1,16.5,27,2.2,,21.2,21.2,0,0
9,5,2018,2018-09-05,248,23.9,21.5,34.2,67,50,0.8,15.5,28,3.3,,24.4,24.4,0,0
9,4,2018,2018-09-04,247,22.5,22.4,35.6,76,54,1.1,16.1,23,2.2,,44,44,0,0
9,3,2018,2018-09-03,246,25,22.2,34.4,82,42,1.5,15.9,23,2.8,,28,28,0,0
9,2,2018,2018-09-02,245,23.9,23.3,36.7,83,44,2.2,15.6,32,4.4,,22.1,22.1,0,0
9,1,2018,2018-09-01,244,25,21.4,35.6,67,39,2.3,15.6,32,6.1,,17.5,17.5,0,0
8,31,2018,2018-08-31,243,22.2,21.7,33.7,87,71,2.8,15.6,22,3.3,,43.7,43.7,0,0
8,30,2018,2018-08-30,242,22.5,21.7,35,84,51,0,17.2,31,1.1,,80.8,80.8,0,0
8,29,2018,2018-08-29,241,23.1,21.1,34.7,65,45,-1.7,16.7,26,2,,39.1,39.1,0,0
8,28,2018,2018-08-28,240,23.7,24.3,37.2,83,57,0,16.3,28,4.1,,39.4,39.4,0,0
8,27,2018,2018-08-27,239,25,21.7,35.6,83,37,-0.6,17.2,23,6.1,,36.6,36.6,0,0
8,26,2018,2018-08-26,238,22.8,22.2,36.7,87,39,3.8,18.3,31,6.9,,71.6,71.6,0,0
8,25,2018,2018-08-25,237,22.8,23.3,38.3,59,42,2.6,17.8,29,2.8,,42,42,0,0
8,24,2018,2018-08-24,236,25,22.1,35,61,37,2.2,18.3,33,3.3,,45.2,45.2,0,0
8,23,2018,2018-08-23,235,23.2,20,31.7,66,41,0.8,17.2,23,4.4,,30.5,30.5,0,0
8,22,2018,2018-08-22,234,22.2,20.6,32.2,69,48,2.8,17,32,5.7,,66.8,66.8,0,0
8,21,2018,2018-08-21,233,23.9,24.4,35,71,41,2.1,15.6,28,4.4,,25.6,25.6,0,0
8,20,2018,2018-08-20,232,23.3,21.1,35,72,48,3.9,18,29,6.3,,33.8,33.8,0,0
8,19,2018,2018-08-19,231,22.4,20.4,35,72,41,4.3,19,30,6.3,,41.4,41.4,0,0
8,18,2018,2018-08-18,230,22.2,20.9,34.4,66,37,0.7,18.2,23,5.6,,40.5,40.5,0,0
8,17,2018,2018-08-17,229,23.1,23,32.6,70,59,1.5,20,29,7.8,,14.6,14.6,0,0
8,16,2018,2018-08-16,228,23.6,21.7,33,85,50,1.1,17.1,22,4.7,,29.7,29.7,0,0
8,15,2018,2018-08-15,227,23.9,22.2,34.4,77,51,5,17.9,26,6.7,,52.4,52.4,0,0
8,14,2018,2018-08-14,226,23.6,22.6,35,67,47,5,18.4,28,7.8,,39.2,39.2,0,0
8,13,2018,2018-08-13,225,24.8,23.3,35.6,84,48,3.9,15.6,24,6.7,,58.7,58.7,0,0
8,12,2018,2018-08-12,224,24.1,25,35.9,64,48,4.6,17.8,27,7.8,,28.4,28.4,0,0
8,11,2018,2018-08-11,223,23.5,22.8,36.1,115,51,3.7,18.2,27,7.2,,38.1,38.1,0,0
8,10,2018,2018-08-10,222,23.4,21.9,35.6,76,59,5.6,17,30,8.3,,35.8,35.8,0,0
8,9,2018,2018-08-09,221,24.8,24.5,37.2,79,42,2.8,17.8,29,7.2,,48.5,48.5,0,0
8,8,2018,2018-08-08,220,23.5,21.3,37.9,81,52,4.4,17.2,27,6.9,,44.5,44.5,0,0
8,7,2018,2018-08-07,219,22.8,24.2,35.6,78,46,1.7,17.1,30,6.7,,34.8,34.8,0,0
8,6,2018,2018-08-06,218,23.9,21.3,35.9,69,44,2.9,19.4,28,6.7,,46.5,46.5,0,0
8,5,2018,2018-08-05,217,23.7,22.8,35,69,45,2.2,19.1,30,4.4,,38,38,0,0
8,4,2018,2018-08-04,216,23.9,24.3,35,69,42,2.9,18.3,25,7.2,,36.4,36.4,0,0
8,3,2018,2018-08-03,215,24.4,23.1,35.6,63,40,2.8,20,24,7.2,,41.4,41.4,0,0
8,2,2018,2018-08-02,214,25.5,22.8,34.8,95,45,3.9,20,31,7.8,,36.8,36.8,0,0
8,1,2018,2018-08-01,213,26.1,26.3,36.7,80,46,4.2,19.4,26,6.7,,27.4,27.4,0,0
7,31,2018,2018-07-31,212,26.2,21.8,36.1,89,42,3.9,15.4,28,6.7,,59.2,59.2,0,0
7,30,2018,2018-07-30,211,24.4,22.7,34.6,72,45,2.2,19.2,30,3.9,,25.5,25.5,0,0
7,29,2018,2018-07-29,210,25.1,22.8,35.6,74,43,2.8,20,24,6.7,,25.9,25.9,0,0
7,28,2018,2018-07-28,209,23.9,23.9,34.4,61,42,2.9,18.7,25,8.5,,118.5,118.5,0,0
7,27,2018,2018-07-27,208,23.9,24.4,36.1,85,44,4,18.4,26,7.2,,31,31,0,0
7,26,2018,2018-07-26,207,24.1,21.6,34.4,89,55,3.6,20.6,30,8.9,,29.6,29.6,0,0
7,25,2018,2018-07-25,206,23.5,22.3,35,69,43,5,21.7,26,7.2,,39.6,39.6,0,0
7,24,2018,2018-07-24,205,24.5,21.8,34.7,83,37,5,20,22,8.5,,49.3,49.3,0,0
7,23,2018,2018-07-23,204,26.1,22.8,35,69,43,5.6,17.8,26,8.6,,39,39,0,0
7,22,2018,2018-07-22,203,24.6,22.8,35.6,80,40,1.9,17.2,18,7.9,,33.6,33.6,0,0
7,21,2018,2018-07-21,202,24.4,26,37.9,59,42,3.5,19.3,24,5.6,,24.5,24.5,0,0
7,20,2018,2018-07-20,201,23.5,21.9,35.8,61,43,2.8,20.6,27,6.1,,51.2,51.2,0,0
7,19,2018,2018-07-19,200,23.6,21.8,35.6,104,85,3.9,17.2,30,7.8,,37.2,37.2,0,0
7,18,2018,2018-07-18,199,26,23.7,34.4,63,48,2.8,21.1,22,7.8,,54.5,54.5,0,0
7,17,2018,2018-07-17,198,24.1,24.1,36.8,98,61,2.9,21.1,22,6.1,,31.8,31.8,0,0
7,16,2018,2018-07-16,197,23.9,23.8,34.7,63,37,5.6,21.1,27,7.2,,25.9,25.9,0,0
7,15,2018,2018-07-15,196,26.6,22.3,35.7,74,59,3.5,17.2,27,6.7,,40.5,40.5,0,0
7,14,2018,2018-07-14,195,26.4,23.6,36.8,85,48,0.1,16.1,24,7.8,,32.5,32.5,0,0
7,13,2018,2018-07-13,194,24.6,23.6,36,80,61,3.6,21.1,27,8.9,,43.9,43.9,0,0
